gene_id,c1,c2,c3,cd1,cd2,cu1,cu2
NIS_RS10240,0,0,0,0,0,0,0
NIS_RS10290,0,0,0,0,0,0,0
NIS_RS10220,0,0,0,0,0,0,0
NIS_RS10295,0,0,0,0,0,0,0
NIS_RS00005,2266,847,2661,1038,876,1316,777
NIS_RS00010,5686,1799,4185,1503,1372,2642,1300
NIS_RS00015,13185,4520,9802,4492,3439,11633,5309
NIS_RS00020,3002,631,1275,694,613,1462,305
NIS_RS00025,1073,327,963,339,262,676,267
NIS_RS00030,1932,530,1136,340,313,2267,1062
NIS_RS00035,885,231,441,169,180,655,229
NIS_RS00040,155,34,91,17,18,58,59
NIS_RS00045,3229,1024,1863,1408,1074,1897,877
NIS_RS00050,1161,578,1161,658,482,410,214
NIS_RS00055,12314,2541,5709,1444,1243,3639,1567
NIS_RS00060,6853,1411,3084,655,518,3016,898
NIS_RS00065,4266,4757,6674,4739,3776,12125,4039
NIS_RS00070,1814,2826,3077,2235,1969,4727,1931
NIS_RS00075,2235,2805,3923,2239,1731,4859,1579
NIS_RS00080,2643,3346,5517,4287,3602,10286,1773
NIS_RS00085,8753,13578,18673,19860,15644,17041,4292
NIS_RS00090,3284,1458,2978,1514,1174,718,255
NIS_RS00095,788,132,405,22,24,145,109
NIS_RS00100,1424,303,924,129,79,354,224
NIS_RS00105,5151,1662,5169,1755,1356,1403,1150
NIS_RS00110,9558,10597,24496,8767,6344,40027,23153
NIS_RS00115,4483,4298,10053,2788,2148,47231,11924
NIS_RS00120,2823,4405,6872,680,555,55950,9501
NIS_RS00125,253,151,181,72,55,1046,309
NIS_RS00130,155,285,356,54,71,257,206
NIS_RS00135,357,662,986,117,94,802,738
NIS_RS00140,650,290,536,435,304,2904,348
NIS_RS00145,1105,473,1305,1895,1478,5965,1888
NIS_RS00150,452,249,1016,986,867,2229,1079
NIS_RS00155,788,495,2246,2074,1720,3357,1785
NIS_RS00160,888,508,2620,4076,3201,1953,2234
NIS_RS00165,920,363,1526,2349,1748,1486,474
NIS_RS00170,3977,735,1699,972,817,2723,6218
NIS_RS00175,745,133,262,208,114,593,1161
NIS_RS00180,392,81,117,60,55,382,802
NIS_RS00185,312,48,77,53,32,222,315
NIS_RS00190,474,132,154,128,76,327,431
NIS_RS00195,1386,500,1242,307,259,489,243
NIS_RS00200,2826,854,3053,616,456,830,460
NIS_RS00205,3548,804,2709,450,308,1581,481
NIS_RS00210,2004,798,2116,905,572,869,365
NIS_RS00215,583,184,497,195,126,820,498
NIS_RS00220,257,135,279,104,72,555,326
NIS_RS00225,34813,10141,29701,4702,4123,30639,11786
NIS_RS00230,7421,2831,8559,1698,1235,3985,1403
NIS_RS00235,705,95,283,52,31,423,282
NIS_RS00240,1823,388,1000,241,157,1903,1120
NIS_RS00245,6475,2434,6802,2234,1984,8442,6142
NIS_RS00250,750,226,548,276,177,246,101
NIS_RS00255,2960,851,1805,544,449,2339,1721
NIS_RS00260,16473,5331,12713,2979,2631,23601,24556
NIS_RS00265,519,188,209,50,33,770,393
NIS_RS00270,613,161,233,69,39,673,382
NIS_RS00275,1466,636,774,388,307,1276,779
NIS_RS00280,8897,4248,6200,1505,1048,17666,8530
NIS_RS00285,16915,7110,19070,7105,5864,24708,12383
NIS_RS00290,508,140,415,187,163,259,108
NIS_RS00295,1320,332,523,159,144,1524,644
NIS_RS00300,1711,513,830,424,314,2468,1183
NIS_RS00305,792,299,676,264,291,1911,933
NIS_RS00310,1357,344,1036,675,537,1737,882
NIS_RS00315,939,316,673,403,305,343,183
NIS_RS00320,17307,7944,12198,12399,11407,8824,6840
NIS_RS00325,7412,3439,6888,3800,3006,23804,14445
NIS_RS00330,2082,895,1279,822,630,7709,3121
NIS_RS00335,1371,579,859,481,417,4026,1550
NIS_RS00340,3869,1592,3050,1413,1281,5636,1894
NIS_RS00345,2309,1145,2074,647,706,8218,3740
NIS_RS00350,6076,3134,6914,11174,8835,19144,4503
NIS_RS00355,5044,2196,6336,1098,1086,2653,813
NIS_RS00360,1148,377,897,338,219,905,444
NIS_RS00365,961,321,930,283,236,746,473
NIS_RS00370,4289,2310,4224,1776,1567,2165,2020
NIS_RS00375,532,200,435,143,124,366,208
NIS_RS00380,5104,1186,3785,2516,2222,8594,3069
NIS_RS00385,6309,1668,3654,1879,1761,12497,5683
NIS_RS00390,3949,999,1630,797,722,8159,4214
NIS_RS00395,8639,1782,2447,997,868,12179,5699
NIS_RS00400,1800,511,593,282,195,1549,703
NIS_RS00405,1839,282,369,101,67,1509,460
NIS_RS00410,759,108,154,34,17,325,93
NIS_RS00415,503,57,90,25,18,376,234
NIS_RS00420,405,38,39,22,30,339,125
NIS_RS00425,573,101,104,27,26,617,280
NIS_RS00430,531,90,131,39,34,489,145
NIS_RS00435,231,28,77,19,14,201,54
NIS_RS00440,208,19,57,25,9,60,31
NIS_RS00445,781,110,170,80,40,256,93
NIS_RS09895,758,122,198,76,101,662,332
NIS_RS00460,162,24,33,25,7,87,54
NIS_RS00465,213,33,54,60,32,109,33
NIS_RS00470,935,254,703,337,270,883,353
NIS_RS00475,245,106,161,73,55,210,103
NIS_RS00480,1132,264,470,147,94,852,300
NIS_RS00485,384,93,141,33,28,137,65
NIS_RS00490,242,68,60,25,35,183,91
NIS_RS00495,1033,254,346,128,90,1037,335
NIS_RS00500,1433,624,1225,572,511,524,205
NIS_RS00505,712,158,399,160,137,778,182
NIS_RS00510,1051,329,698,381,382,1264,389
NIS_RS00515,8168,3766,6866,4008,3350,9901,5524
NIS_RS00520,1193,564,1127,771,544,635,287
NIS_RS00525,11944,5529,19976,5342,3953,17636,5084
NIS_RS00530,5371,2160,7220,1410,1144,11051,2286
NIS_RS00535,6715,2642,6177,2541,1889,12848,4040
NIS_RS00540,10539,4110,9077,4596,3498,18948,8134
NIS_RS00545,7791,1395,6661,1553,1412,6341,3643
NIS_RS00550,20442,4893,16717,10483,8361,9951,7777
NIS_RS00555,3983,1381,3316,2400,1687,4524,2510
NIS_RS00560,766,181,508,258,198,491,121
NIS_RS00565,18,3,12,7,5,4,1
NIS_RS00570,18091,5069,17394,4634,3989,9175,4761
NIS_RS00575,5711,1841,4417,1086,960,5810,1883
NIS_RS00580,14348,4038,14115,3651,3452,10945,7309
NIS_RS00585,27887,7295,26469,6287,5360,20425,11918
NIS_RS00590,2102,312,734,259,201,762,323
NIS_RS00595,3877,318,561,122,135,704,321
NIS_RS10170,4837,242,374,57,50,519,491
NIS_RS00605,17691,1279,3001,359,234,2105,2382
NIS_RS00610,16352,1439,2883,267,330,670,919
NIS_RS00615,5249,683,1172,355,236,804,371
NIS_RS00620,42604,6104,10847,2663,2297,4296,1935
NIS_RS00625,17691,17767,39207,26186,22397,22784,6951
NIS_RS00630,25487,10269,21127,5328,4897,17507,8782
NIS_RS00635,5620,3347,4066,1417,1015,3402,1810
NIS_RS00640,2590,1008,1728,560,407,4002,1191
NIS_RS00645,1500,834,1104,606,438,3790,1165
NIS_RS00650,5367,941,1214,438,322,2986,1879
NIS_RS00655,849,378,532,304,262,1729,608
NIS_RS00660,6304,3205,6090,4454,3488,9256,4880
NIS_RS00665,4191,1291,3661,2390,1285,341,661
NIS_RS00670,6727,2538,7453,4324,2740,541,863
NIS_RS00675,2447,1347,3413,2159,1605,251,340
NIS_RS00680,1634,995,2436,1502,1196,203,253
NIS_RS00685,144,42,110,135,99,7,17
NIS_RS10125,1037,141,590,918,791,526,240
NIS_RS00690,3091,735,2203,2525,2282,3415,1247
NIS_RS00695,2409,694,1301,328,308,2886,1433
NIS_RS00700,930,269,524,175,119,1346,709
NIS_RS00705,3833,1383,3330,1181,982,4945,2800
NIS_RS00710,443,146,384,93,83,263,104
NIS_RS00715,1174,318,1032,374,321,979,365
NIS_RS00720,3058,1189,1772,1022,789,2185,1527
NIS_RS00725,3257,1635,6191,972,782,14566,7470
NIS_RS09900,2020,574,1288,522,548,7714,1041
NIS_RS09905,1821,570,1094,412,339,1546,365
NIS_RS00740,50,10,26,12,18,32,14
NIS_RS00745,4943,1075,3204,2306,1861,1562,945
NIS_RS00750,9420,2580,6993,4730,4355,3254,2192
NIS_RS00755,1727,784,1812,887,697,594,292
NIS_RS00760,1705,768,1472,1011,863,395,335
NIS_RS00765,4551,2408,4935,2435,2022,11841,7748
NIS_RS00770,1693,555,1511,628,482,3130,1884
NIS_RS00775,883,900,1876,817,675,722,415
NIS_RS00780,2292,1406,2354,934,765,8893,7453
NIS_RS00785,578,317,487,117,84,2566,1419
NIS_RS00790,264,199,194,63,44,1148,544
NIS_RS00795,1641,967,1242,399,216,7691,4652
NIS_RS00800,352,228,264,81,58,1445,1176
NIS_RS00805,2414,1277,1702,451,346,7234,3744
NIS_RS00810,1999,739,840,205,160,3755,1419
NIS_RS00815,7048,1704,3388,2513,1450,1040,415
NIS_RS00820,9473,12610,15953,17383,15385,11315,3623
NIS_RS00825,1016,561,889,1091,901,1815,258
NIS_RS09910,1063,446,876,763,590,1747,483
NIS_RS00835,621,300,549,276,184,1046,260
NIS_RS00840,1861,486,1464,405,327,549,525
NIS_RS00845,8183,4090,8580,4006,3186,11912,8085
NIS_RS00850,1837,738,1307,393,333,3734,2083
NIS_RS00855,11395,5602,10769,3359,2518,28493,24094
NIS_RS00865,4375,2075,7360,1429,1043,5393,849
NIS_RS00870,6939,5698,15929,5390,4253,6258,1712
NIS_RS00875,2634,494,1398,614,426,820,350
NIS_RS00880,2386,794,2290,1133,944,1693,1037
NIS_RS00885,16641,3863,14543,7365,5412,28070,19408
NIS_RS00890,4673,1307,3288,1666,1507,9357,5843
NIS_RS00895,3721,1023,2042,1192,871,10299,6821
NIS_RS00900,2474,551,1012,862,652,8790,4236
NIS_RS00905,2343,648,1988,687,671,2673,2026
NIS_RS00910,5373,2579,7809,2332,1687,6199,4921
NIS_RS00915,5564,2251,4327,938,746,9212,5193
NIS_RS00920,1785,711,1206,207,141,3281,1277
NIS_RS00925,2149,1083,2113,742,581,1222,434
NIS_RS00930,711,259,381,193,161,178,52
NIS_RS00935,9739,5303,14216,5384,4414,15391,8709
NIS_RS00940,5494,2244,5293,2127,1799,5756,1263
NIS_RS00945,7261,1622,3907,3379,2972,4412,1918
NIS_RS00950,2387,820,2741,881,694,1428,742
NIS_RS00955,412,172,321,95,102,119,97
NIS_RS09915,201,66,82,15,19,13,13
NIS_RS00965,1335,524,1231,437,431,393,137
NIS_RS00970,337,180,352,152,182,89,39
NIS_RS00975,268,88,118,50,66,125,78
NIS_RS00980,106,81,70,32,40,43,24
NIS_RS00985,750,297,646,266,222,303,133
NIS_RS00990,146,38,52,24,7,42,44
NIS_RS00995,165,42,61,25,18,61,48
NIS_RS01000,489,75,125,49,18,149,64
NIS_RS01005,1195,267,385,73,46,282,237
NIS_RS01010,1333,359,498,120,65,249,175
NIS_RS01015,1458,579,827,245,154,415,266
NIS_RS01020,3005,1354,2399,1607,1277,1952,544
NIS_RS01025,2273,812,1545,706,535,2640,1349
NIS_RS01030,603,118,158,43,69,322,123
NIS_RS09920,4360,1023,1602,1468,1249,2261,1415
NIS_RS01040,3414,943,1756,1258,1212,1149,1382
NIS_RS01045,2533,665,1822,882,837,1090,401
NIS_RS10175,2,7,1,14,7,7,5
NIS_RS01055,1047,621,923,1122,952,138,204
NIS_RS01060,4853,2390,4206,3661,3121,458,700
NIS_RS01065,5683,2963,5506,4391,3516,497,804
NIS_RS01070,3396,1920,3502,2793,2253,576,627
NIS_RS01075,2219,1225,2143,1884,1561,532,440
NIS_RS01080,1909,595,1431,957,717,1134,498
NIS_RS01085,470,97,175,91,62,215,102
NIS_RS01090,686,218,606,149,94,532,289
NIS_RS01095,540,249,579,237,190,214,107
NIS_RS01100,325,110,197,38,41,67,64
NIS_RS01105,694,339,1034,350,337,266,152
NIS_RS01110,1398,504,1208,490,504,632,217
NIS_RS01115,2336,784,2155,702,637,1341,491
NIS_RS01120,3420,1232,3497,1371,1308,1851,914
NIS_RS01125,4275,2634,4607,2202,1911,2883,1322
NIS_RS01130,750,250,549,117,179,204,124
NIS_RS01135,2334,509,1995,794,627,1146,760
NIS_RS01140,2455,3993,4848,6013,5919,2027,434
NIS_RS01145,2653,1026,2285,1645,1570,1423,701
NIS_RS01150,165,47,78,154,95,58,20
NIS_RS01155,750,116,540,187,69,429,216
NIS_RS01160,4105,1101,4438,1163,866,3833,2128
NIS_RS01165,2568,1046,3167,710,602,1729,754
NIS_RS01170,2005,738,2021,948,807,1382,508
NIS_RS01175,530,159,569,157,147,356,149
NIS_RS01180,3003,1008,2875,1284,1095,1380,657
NIS_RS01185,3115,1094,2066,716,665,3168,1805
NIS_RS01190,3294,1526,1695,1467,1147,1338,1021
NIS_RS01195,2883,1329,2016,1191,959,2525,1321
NIS_RS01200,483,359,794,384,184,617,197
NIS_RS01205,2103,1480,2856,2237,1618,241,247
NIS_RS01210,1439,975,1759,1343,810,234,127
NIS_RS01215,598,214,550,323,285,84,91
NIS_RS01220,9643,2740,10231,4679,3728,9749,5578
NIS_RS01225,11354,2838,12551,3311,2637,18912,11172
NIS_RS01230,8921,2251,8184,2171,1590,29573,20168
NIS_RS01235,2674,654,1910,693,481,10312,6705
NIS_RS01240,9828,2088,5090,1925,1520,38656,24764
NIS_RS01245,3217,656,1247,674,524,12323,8129
NIS_RS01250,4263,801,1412,811,733,13188,6556
NIS_RS01255,11638,1958,3268,1816,1541,32187,14520
NIS_RS01260,10541,1989,3132,1852,1651,27857,17727
NIS_RS01265,4108,772,1194,654,471,8692,5856
NIS_RS01270,6206,1129,1575,892,739,12416,6804
NIS_RS01275,9294,1772,2345,1554,1205,15743,11273
NIS_RS01280,5524,1121,1357,740,625,9022,5220
NIS_RS01285,13211,2359,3278,1928,1691,24072,11148
NIS_RS01290,4728,839,1203,691,681,9111,5920
NIS_RS01295,8541,1421,2102,1342,944,13209,7628
NIS_RS01300,11817,2068,2840,1863,1516,21688,12817
NIS_RS01305,7250,1077,1597,819,607,11068,5090
NIS_RS01310,7906,1451,1856,1129,911,10916,6207
NIS_RS01315,8303,1987,2474,1740,1440,18194,10543
NIS_RS01320,5647,1342,1738,599,466,7897,3151
NIS_RS01325,2662,505,732,209,176,3369,1445
NIS_RS01330,869,163,172,60,61,501,213
NIS_RS01335,6812,2118,5749,4216,3440,2791,2143
NIS_RS01340,17326,5685,15913,8990,7206,8363,7644
NIS_RS01345,15638,4217,11376,5492,4288,10617,7457
NIS_RS01350,32143,10200,21993,13453,10276,35378,26925
NIS_RS01355,48243,15440,29751,22899,18563,43213,20327
NIS_RS01360,22676,8794,12958,13576,11915,24446,15241
NIS_RS01365,10578,4538,12358,5229,4590,6493,4844
NIS_RS01370,9322,3458,10289,3362,2764,6424,2606
NIS_RS01375,8992,2691,8690,2272,1738,10753,4159
NIS_RS01380,14076,9758,24685,9584,8506,19630,15529
NIS_RS01385,7384,4527,12757,4094,3629,10039,3867
NIS_RS01390,3727,1986,5799,1634,1246,6190,1202
NIS_RS01395,5304,2615,7840,1336,1114,11547,2163
NIS_RS01400,6673,3773,7404,609,504,13238,5729
NIS_RS01405,222,107,149,25,16,499,101
NIS_RS01410,3758,2635,5449,4617,2908,850,565
NIS_RS01415,8728,5804,11625,9896,6957,1744,1457
NIS_RS01420,7305,4589,9215,7587,5628,1258,1428
NIS_RS01425,3006,709,1441,1142,988,1682,1253
NIS_RS01430,171091,32021,83614,49796,39941,203532,154993
NIS_RS01435,16670,2507,6719,5104,4366,21104,11279
NIS_RS01440,1211,240,925,230,198,541,200
NIS_RS01445,3834,730,2446,776,712,2568,1154
NIS_RS01450,9680,1937,5639,2912,2237,10236,3975
NIS_RS01455,5386,1369,2842,1568,1155,10110,5664
NIS_RS01460,10883,2395,4305,3265,2545,30901,15995
NIS_RS01465,37342,4665,7015,9781,8634,53555,47647
NIS_RS01470,29781,3502,4989,8432,7037,36256,19615
NIS_RS01475,51553,15268,40515,24854,21416,56696,34226
NIS_RS01480,25322,8168,10755,5495,3798,36575,24109
NIS_RS01485,22888,7107,21452,13376,10539,19249,20311
NIS_RS01490,23080,5391,16308,12022,9682,21676,14141
NIS_RS01495,68524,15044,28679,18764,15388,67179,50548
NIS_RS10130,2373,549,1041,485,422,2583,1423
NIS_RS01500,39,7,15,6,6,87,34
NIS_RS01505,5582,3413,5876,4387,3728,5498,1921
NIS_RS01510,2792,1534,2523,1716,1240,1305,410
NIS_RS01515,5256,2300,4267,2509,1875,3183,1014
NIS_RS01520,4565,2601,4012,815,580,1017,397
NIS_RS01525,8328,6116,11034,5351,4667,5394,2719
NIS_RS01530,26519,5344,15197,7829,7780,53594,31972
NIS_RS01535,6049,2164,5099,2419,2154,9093,6057
NIS_RS01540,309,132,260,173,123,565,218
NIS_RS01545,1107,274,870,385,284,2417,905
NIS_RS01550,915,327,499,159,164,1249,386
NIS_RS01555,4542,1928,3985,698,633,1788,937
NIS_RS01560,2472,1392,2872,1705,1527,493,274
NIS_RS01565,454,150,361,293,243,178,96
NIS_RS01570,1955,634,2347,499,562,2177,853
NIS_RS01575,4821,1307,4030,1021,919,6033,2026
NIS_RS01580,8268,3529,8961,2136,1698,3519,3075
NIS_RS01585,8858,3164,7340,1800,1380,9483,6432
NIS_RS01590,11660,3750,7441,1877,1488,14428,8252
NIS_RS01595,18512,5359,8459,2748,2094,23847,12300
NIS_RS01600,3434,854,1208,392,351,3804,1717
NIS_RS01605,16778,4700,5524,1716,1420,10837,5214
NIS_RS01610,13596,2924,3706,872,721,8790,4982
NIS_RS01615,15699,3239,5030,760,656,7128,4114
NIS_RS01620,9317,2560,4001,1228,1047,4536,2453
NIS_RS01625,5933,1535,2296,478,378,3248,1358
NIS_RS01630,5048,1149,1749,423,349,2514,980
NIS_RS01635,2757,682,1033,223,226,1551,960
NIS_RS01640,14454,3779,5451,856,739,7436,3677
NIS_RS01645,13138,2776,3809,451,345,3243,1372
NIS_RS01650,22400,4841,5445,1166,916,5834,3455
NIS_RS01655,2882,1198,2941,1365,1120,1434,604
NIS_RS01660,2765,883,2480,1201,842,1322,599
NIS_RS01665,450,259,314,395,370,82,38
NIS_RS01670,1541,684,901,1020,1042,296,174
NIS_RS01675,187,36,98,31,33,25,35
NIS_RS01680,1552,426,1141,536,402,309,184
NIS_RS01690,2008,115,528,163,109,351,234
NIS_RS01695,2373,151,696,215,180,479,228
NIS_RS01700,195,56,70,167,128,43,18
NIS_RS01705,623,191,374,45,83,308,183
NIS_RS01710,1286,598,1273,706,640,799,447
NIS_RS01715,2087,813,1653,1165,970,3389,1400
NIS_RS01720,16467,7271,12580,9067,7414,7773,5252
NIS_RS01725,19111,7189,16779,9718,7402,18785,11329
NIS_RS01730,4779,1790,3910,1052,776,7266,4127
NIS_RS01735,4319,1716,3380,2378,1772,2261,1018
NIS_RS01740,6658,1770,6194,1863,1435,6614,2870
NIS_RS01745,8564,3402,8979,5811,4480,5104,2459
NIS_RS01750,3166,1687,4354,2421,1932,2495,1458
NIS_RS01755,989,266,954,358,291,1459,445
NIS_RS01760,895,230,742,278,202,1266,548
NIS_RS01765,1252,172,295,129,134,216,103
NIS_RS01770,1600,294,609,277,247,1457,588
NIS_RS01775,3128,1232,1424,1264,1019,5748,3741
NIS_RS01780,21540,6697,12242,9838,7819,36597,22546
NIS_RS01785,2102,527,1089,306,286,1559,1450
NIS_RS01790,3119,1022,3056,949,756,2156,1216
NIS_RS01795,1457,397,887,337,289,1429,841
NIS_RS01800,3228,1285,4905,1127,967,3262,2482
NIS_RS01805,825,291,772,508,364,402,159
NIS_RS01810,685,186,679,279,330,427,178
NIS_RS09925,3342,1030,2021,3134,3018,7780,2802
NIS_RS01820,2556,827,1556,1716,1771,3974,2071
NIS_RS01825,3080,653,1469,1424,1100,1511,582
NIS_RS01830,4404,941,1693,1781,1372,4437,1467
NIS_RS01835,4895,1349,4028,1728,1221,4808,2263
NIS_RS01840,3253,651,1831,558,452,4478,1565
NIS_RS01845,787,159,261,63,82,549,98
NIS_RS10180,1071,425,760,100,58,1001,423
NIS_RS01855,11470,3874,8690,1447,1170,9819,5546
NIS_RS01860,13164,5543,14811,3509,2853,8254,5142
NIS_RS01865,3822,1408,3852,2352,1877,4934,1702
NIS_RS01870,2271,762,1516,815,747,5444,2837
NIS_RS01875,1229,307,597,363,259,2223,945
NIS_RS01880,2205,553,1354,363,297,1277,765
NIS_RS01885,1436,398,730,155,114,689,413
NIS_RS01890,719,196,388,49,45,239,163
NIS_RS01895,1349,256,940,199,191,457,199
NIS_RS01900,3390,1140,3425,916,925,2226,971
NIS_RS01905,631,186,869,278,259,389,216
NIS_RS01910,1483,1040,2149,1214,888,251,482
NIS_RS01915,1438,809,2309,956,863,363,358
NIS_RS01920,1579,492,1481,680,697,920,449
NIS_RS01925,2863,774,2462,968,753,3115,1242
NIS_RS01930,1125,277,797,113,82,433,221
NIS_RS01935,602,164,406,62,29,150,105
NIS_RS01940,837,199,742,137,147,536,278
NIS_RS01945,3078,1089,3549,997,859,2482,1069
NIS_RS01950,5913,2267,6038,1900,1571,5314,3050
NIS_RS01955,7736,1902,6023,2314,2037,11623,4894
NIS_RS01960,10737,2449,5528,2968,2310,12575,5246
NIS_RS01965,3071,728,1578,633,534,3014,1107
NIS_RS01970,4940,968,1691,597,517,4357,2175
NIS_RS01975,2120,407,538,130,133,1262,467
NIS_RS01980,2107,649,1301,452,329,731,421
NIS_RS01985,6156,1800,5701,1393,1029,3558,1456
NIS_RS01990,14225,4814,11461,4664,3629,9952,4607
NIS_RS01995,11638,2626,5824,1397,1156,4295,2456
NIS_RS02000,2430,609,1682,727,572,1115,433
NIS_RS02005,1147,268,695,215,191,311,193
NIS_RS02010,2340,1230,2590,963,874,3351,2272
NIS_RS02015,6813,3805,8515,4109,3721,3631,2051
NIS_RS02020,3566,1330,5045,1787,1529,2484,1188
NIS_RS10135,2691580,5974372,6390815,5978073,4411010,1949052,3074720
NIS_RS02025,816,300,962,204,179,431,249
NIS_RS02030,4472,1709,4604,1645,1541,2102,1196
NIS_RS09930,1345,1317,3175,870,652,2291,1065
NIS_RS02040,3231,1013,2126,1182,1038,1202,687
NIS_RS02045,4191,1528,3850,2438,2032,2151,1955
NIS_RS02050,24788,10130,20330,11875,9569,52447,38830
NIS_RS02055,2636,624,1178,759,606,7127,3006
NIS_RS02060,4622,1640,2946,2119,1669,10689,4997
NIS_RS02065,3638,1070,1676,589,509,5388,2249
NIS_RS02070,24343,9279,23992,19060,15323,21569,15626
NIS_RS02075,8402,2305,6877,4349,3411,9958,6243
NIS_RS02080,1207,452,1253,399,354,724,204
NIS_RS02085,7847,3038,8577,1957,1548,5789,3558
NIS_RS02090,3318,1197,2902,582,532,2862,914
NIS_RS02095,4462,1554,3604,657,523,3483,1410
NIS_RS02100,4291,1730,3139,784,733,3420,1410
NIS_RS02105,6325,2412,3334,914,764,5199,2408
NIS_RS02110,71618,25143,56762,14087,11919,42271,32890
NIS_RS02115,7765,2998,8892,2635,1930,8316,5389
NIS_RS02120,56910,23209,47167,20560,18745,25834,13839
NIS_RS02125,10372,3740,10130,8277,7432,12288,8324
NIS_RS02130,4746,1236,4061,2379,2035,6685,3202
NIS_RS02135,1925,541,1666,822,769,2478,1165
NIS_RS02140,5119,1399,4986,1321,1006,9091,4236
NIS_RS02145,4835,1255,3243,950,640,8197,3750
NIS_RS02150,398,765,917,1728,1727,984,1170
NIS_RS02155,1344,210,541,1066,613,18,33
NIS_RS02160,448,86,205,372,227,6,17
NIS_RS02165,1854,4426,4752,9577,7343,3312,5634
NIS_RS02170,141,461,424,263,186,108,102
NIS_RS02175,1284,766,1939,939,736,1999,738
NIS_RS02180,800,358,960,574,391,1409,361
NIS_RS02185,330,155,354,205,133,487,109
NIS_RS02190,676,238,396,397,292,997,364
NIS_RS02195,718,306,448,462,305,669,266
NIS_RS02200,807,230,467,315,211,631,314
NIS_RS02205,6465,2298,6066,1665,1343,4843,1829
NIS_RS02210,15061,6289,12465,7156,5536,13837,4985
NIS_RS02215,5199,1727,6211,1152,889,4092,2141
NIS_RS02220,4051,1656,4587,1643,1157,1915,1676
NIS_RS02225,2014,360,2736,228,166,1012,630
NIS_RS02230,9532,2323,11504,2695,2149,7793,4762
NIS_RS02235,391,116,390,81,102,238,100
NIS_RS02240,3318,1742,4230,1924,1287,1549,751
NIS_RS02245,3652,965,3362,1278,1032,7148,4255
NIS_RS02250,1976,545,1185,502,285,5191,1853
NIS_RS02255,2599,576,1186,482,350,6524,2374
NIS_RS02260,4634,821,1384,696,541,5937,2237
NIS_RS02265,6355,2049,4778,1868,1568,7314,2738
NIS_RS02270,1579,479,1221,276,207,2687,1121
NIS_RS02275,1722,590,1446,365,288,2581,927
NIS_RS10185,3767,2045,4999,2698,2275,1913,1326
NIS_RS02280,19605,5829,19364,7304,5845,39200,23454
NIS_RS02285,2740,997,1739,817,594,6956,5376
NIS_RS02290,2220,840,1130,589,461,4491,3031
NIS_RS02295,1656,372,565,295,170,3159,1232
NIS_RS02300,1156,268,343,189,121,1341,600
NIS_RS09935,2035,719,838,293,233,2367,1213
NIS_RS02310,1300,676,894,162,156,1474,1099
NIS_RS02315,304,166,284,60,43,296,98
NIS_RS02320,692,154,492,79,81,581,538
NIS_RS02325,1047,355,1242,300,275,1377,751
NIS_RS02330,14654,3070,10582,5819,4143,5248,2009
NIS_RS02335,4811,1062,4386,1138,928,3151,1412
NIS_RS02340,1026,175,736,129,105,624,234
NIS_RS02345,1685,338,854,368,317,1078,383
NIS_RS02350,5255,928,2070,1346,1212,3113,1414
NIS_RS02355,6250,2232,6383,2304,1909,5770,3398
NIS_RS02360,5189,1299,3296,772,484,9630,7774
NIS_RS02365,651,233,466,205,182,919,302
NIS_RS02370,7975,2852,5509,3616,2733,4231,2388
NIS_RS02375,2947,1369,2589,1635,1236,5952,1511
NIS_RS02380,12624,18924,27952,4690,3846,33271,24714
NIS_RS02385,2333,5698,7624,1145,795,7617,5668
NIS_RS02390,2259,5038,6738,994,799,8469,5600
NIS_RS02395,1193,2563,3773,459,432,4443,2923
NIS_RS02400,5075,4517,8091,3523,3206,654,519
NIS_RS10230,1553,2689,3624,729,605,1480,361
NIS_RS02405,5721,13339,18277,2543,1916,9050,3991
NIS_RS02410,1656,3169,3874,771,600,3353,2292
NIS_RS02415,3568,6473,8276,1635,1431,14389,13736
NIS_RS02420,649,1234,1646,337,257,3728,3842
NIS_RS02425,1727,3818,5453,776,637,10226,5702
NIS_RS02430,1725,3314,4518,1027,796,5514,2667
NIS_RS10260,1380,2697,3974,802,654,5939,4946
NIS_RS02440,50967,40230,39648,37664,23400,8461,8338
NIS_RS02445,3340,10861,15524,1593,1332,8846,4404
NIS_RS02450,1771,5111,6938,916,884,6878,5572
NIS_RS09940,3143,11363,15833,1852,1551,12043,6426
NIS_RS02460,1397,2602,3575,548,438,9966,5087
NIS_RS02465,628,1299,1859,211,184,4638,2641
NIS_RS02470,9380,22242,25665,5747,4359,48794,27057
NIS_RS02475,4102,9010,12693,1967,1583,29686,18996
NIS_RS02480,5011,8199,12119,2560,2144,24209,30351
NIS_RS10265,2814,7465,9949,1555,1896,2822,1301
NIS_RS02485,2502,6814,9631,1133,814,2255,998
NIS_RS02495,381,133,353,98,100,191,63
NIS_RS02500,2778,5940,7089,2987,2930,1590,877
NIS_RS09945,2153,1435,3229,842,700,1570,1033
NIS_RS02510,3303,2663,4186,1945,1472,761,403
NIS_RS02515,3678,2815,4356,2012,1503,1127,523
NIS_RS02520,1417,1234,1794,549,451,546,238
NIS_RS02525,2408,5966,7291,2008,1535,2798,2133
NIS_RS02530,9612,23645,28845,4939,3889,17971,12066
NIS_RS02540,479,1415,1903,391,325,1099,644
NIS_RS02545,987,2775,3830,498,539,3238,2707
NIS_RS02550,100,371,622,79,69,550,349
NIS_RS02555,6204,7026,11848,4704,4118,4199,2261
NIS_RS02560,9804,6697,11982,9719,8623,4037,1758
NIS_RS02565,1102,877,1320,970,788,502,212
NIS_RS09950,66,59,90,48,22,69,69
NIS_RS02575,33,64,103,40,37,74,82
NIS_RS02580,48,74,76,40,38,62,63
NIS_RS02585,98,150,154,131,116,331,433
NIS_RS02590,224,394,505,344,367,1214,1930
NIS_RS02595,17,45,66,41,25,193,248
NIS_RS02600,115,203,297,200,87,769,827
NIS_RS02605,29,44,114,37,61,79,85
NIS_RS02610,34,88,111,22,32,124,93
NIS_RS09955,389,592,788,300,318,717,666
NIS_RS02620,84,181,225,58,82,217,159
NIS_RS02625,78,93,118,41,47,125,139
NIS_RS02630,32,60,71,56,25,34,106
NIS_RS02635,549,663,811,261,303,522,546
NIS_RS02640,229,293,326,103,82,312,297
NIS_RS02645,56,78,94,32,41,82,76
NIS_RS02650,92,76,128,37,40,111,107
NIS_RS02655,103,108,181,53,60,168,142
NIS_RS02660,77,139,157,48,26,101,93
NIS_RS02665,247,125,139,276,237,95,36
NIS_RS02670,1733,49,49,62,67,1231,468
NIS_RS02675,1189,172,310,69,64,450,277
NIS_RS02680,2267,720,899,169,114,1591,1532
NIS_RS02685,2268,642,1144,357,302,1091,784
NIS_RS02690,5241,1697,2704,366,221,4181,4428
NIS_RS02695,10363,3743,11815,2864,2312,9185,6738
NIS_RS02700,774,156,557,244,228,249,91
NIS_RS02705,2910,535,2044,967,640,1323,558
NIS_RS02710,2246,768,2092,723,628,303,124
NIS_RS02715,1715,323,1022,126,167,673,405
NIS_RS02720,904,317,392,116,111,505,252
NIS_RS02725,19765,5253,12607,1544,1269,9001,5758
NIS_RS02730,2580,717,2216,608,357,688,432
NIS_RS02735,3664,1819,6214,1869,1503,3556,1693
NIS_RS02740,2627,270,722,264,181,509,269
NIS_RS02745,5910,511,972,521,407,1231,1185
NIS_RS02750,4508,321,870,267,169,786,623
NIS_RS02755,2549,251,488,217,144,136,200
NIS_RS02760,59518,712,1437,2295,1940,64423,41594
NIS_RS02765,10210,249,564,381,300,15421,7216
NIS_RS02770,9364,154,345,256,203,9955,3290
NIS_RS10140,3753,63,124,75,71,2510,649
NIS_RS02780,758,189,392,98,93,526,159
NIS_RS02785,8442,13240,28544,5775,4915,102386,49483
NIS_RS02790,1723,1983,2976,852,655,14769,1711
NIS_RS02795,1005,1499,1855,415,340,9793,1668
NIS_RS02800,2097,2487,3224,698,623,15052,2053
NIS_RS02805,17215,12113,20205,23826,20581,55637,63110
NIS_RS02810,2227,1508,3132,4833,3943,4257,5088
NIS_RS02815,3314,1172,3082,1090,905,3066,1393
NIS_RS02820,1017,377,785,566,310,590,230
NIS_RS02825,11570,146,1154,271,196,2595,281
NIS_RS09965,2569,221,583,215,190,453,89
NIS_RS02835,171,61,102,154,127,147,49
NIS_RS02840,3676,1678,3212,1218,1043,2651,954
NIS_RS02845,421,207,313,307,326,187,61
NIS_RS02850,169,88,116,226,231,55,18
NIS_RS02855,2105,810,1947,891,725,1015,590
NIS_RS02860,2729,1317,3047,816,701,1244,632
NIS_RS02865,625,202,426,194,159,408,161
NIS_RS02870,766,227,468,225,166,357,143
NIS_RS02875,1592,677,780,231,220,350,239
NIS_RS02880,537,282,547,115,78,113,71
NIS_RS02885,5686,3337,7970,2114,1888,2954,1267
NIS_RS02890,26503,8631,17286,3771,3125,29725,19775
NIS_RS02895,980,142,326,161,126,192,106
NIS_RS02900,3180,313,668,336,304,391,388
NIS_RS02905,10378,580,1105,891,829,6074,6891
NIS_RS02910,1566,85,221,115,138,1072,2033
NIS_RS02915,9344,539,6375,1856,1605,3964,7320
NIS_RS02920,546,125,453,176,116,284,77
NIS_RS02925,1140,262,867,387,372,550,291
NIS_RS02930,876,263,1077,283,241,303,142
NIS_RS02935,259,126,343,137,115,159,39
NIS_RS02940,136,53,161,43,38,74,43
NIS_RS02945,144,70,146,31,50,74,46
NIS_RS02950,2630,938,2391,779,619,3014,1848
NIS_RS02955,425,130,217,67,56,356,264
NIS_RS02960,1267,360,605,162,160,1180,505
NIS_RS02965,1901,641,1623,471,423,1761,1380
NIS_RS02970,3469,2564,4895,1960,1369,2457,1563
NIS_RS02975,8730,5822,10551,3517,2502,16023,8414
NIS_RS02980,2406,1220,1635,344,402,3321,1526
NIS_RS02985,3258,1293,2928,1152,887,2760,1654
NIS_RS02990,3444,1121,2826,702,590,4218,2121
NIS_RS02995,5814,1675,3499,1007,818,8660,5181
NIS_RS03000,5112,1901,2708,1464,1183,8374,4895
NIS_RS03005,580,196,353,68,67,344,180
NIS_RS03010,13561,7163,13871,4955,4447,18216,10118
NIS_RS03015,751,229,334,38,35,495,169
NIS_RS03020,2643,176,157,199,144,1876,1081
NIS_RS03025,811,485,1196,593,430,709,369
NIS_RS03030,1788,1399,2750,1541,1325,1836,1307
NIS_RS03035,9506,3699,7417,2300,1814,18650,10730
NIS_RS10145,2262,458,784,223,226,2546,729
NIS_RS03050,256,95,136,36,52,534,322
NIS_RS03055,385,81,146,76,53,708,345
NIS_RS03060,1981,529,808,291,198,2558,1159
NIS_RS03065,370,58,145,39,37,270,104
NIS_RS03070,1322,330,1070,404,315,1250,503
NIS_RS03075,9275,4745,9115,6475,4384,6687,4400
NIS_RS03080,2542,812,1598,579,422,2893,1388
NIS_RS03085,971,352,639,127,132,871,311
NIS_RS03090,2800,1566,3543,1295,1013,3042,1345
NIS_RS03095,2533,707,2638,1141,765,2100,1472
NIS_RS10310,4997,1783,5070,1881,1512,10786,8895
NIS_RS03105,6794,2408,4548,2060,1555,13284,7866
NIS_RS03110,3262,1258,2591,1259,978,1476,971
NIS_RS03115,2812,1456,3313,1852,1601,806,492
NIS_RS03120,1190,761,1461,718,535,557,218
NIS_RS03125,4257,2195,4288,1446,1315,4763,3147
NIS_RS03130,3490,1047,1735,450,325,1143,623
NIS_RS03135,2325,786,1111,301,326,1459,1098
NIS_RS03140,886,374,404,128,143,737,404
NIS_RS09970,502,160,164,35,29,323,158
NIS_RS03150,8591,2118,3481,2080,1621,2647,2019
NIS_RS03155,6809,1354,2304,514,440,2107,1223
NIS_RS03160,17246,3514,4904,1295,893,15633,9793
NIS_RS03165,928,392,570,472,349,104,50
NIS_RS03170,1447,514,1032,686,605,291,139
NIS_RS03175,1751,873,2350,1280,1048,653,238
NIS_RS03180,11364,5948,14797,4688,3942,5504,3304
NIS_RS03185,12364,5535,11573,3222,2632,8529,3656
NIS_RS03190,1611,764,1309,181,137,1387,595
NIS_RS03195,1898,546,1114,617,550,1964,1185
NIS_RS03200,883,441,961,513,338,256,172
NIS_RS03205,382,162,252,115,122,415,261
NIS_RS03210,1075,315,474,290,181,789,542
NIS_RS03215,723,347,581,145,155,342,205
NIS_RS03220,495,258,338,89,108,172,120
NIS_RS03225,2164,676,1659,557,450,1730,832
NIS_RS03230,222,46,90,13,14,91,35
NIS_RS03235,311,65,161,34,28,107,80
NIS_RS03240,429,108,151,18,27,151,204
NIS_RS03245,391,170,190,58,30,136,166
NIS_RS03250,571,131,218,81,43,200,141
NIS_RS03255,673,208,208,89,61,226,106
NIS_RS03260,388,147,156,23,22,134,78
NIS_RS03265,1618,544,994,256,254,903,647
NIS_RS03270,1495,660,1277,254,196,708,438
NIS_RS03275,3133,1544,4019,1271,1121,2405,1475
NIS_RS03280,45756,21299,52514,8707,7048,40035,18192
NIS_RS03285,35557,49307,90584,21880,16621,99474,77664
NIS_RS03290,15071,11987,20864,6164,4790,27997,6632
NIS_RS09975,5560,1813,3361,914,619,811,413
NIS_RS03300,9439,3308,6317,1979,1590,4955,2945
NIS_RS03305,4898,1952,1925,837,527,1820,762
NIS_RS03310,9312,2657,4777,2183,1673,4712,2568
NIS_RS03315,4940,1439,2579,1139,965,2715,1285
NIS_RS03320,26048,9071,19994,8163,7329,15685,7560
NIS_RS03325,4247,1760,3764,2524,2366,1015,624
NIS_RS03330,3024,1286,2390,1701,1503,1662,830
NIS_RS03335,4485,1609,3729,2190,1772,2581,957
NIS_RS03340,1988,771,1575,986,711,1635,730
NIS_RS03345,2456,1016,1833,888,773,1856,734
NIS_RS03350,7434,3008,5445,2343,2087,6059,2749
NIS_RS03355,1452,416,1206,252,270,978,484
NIS_RS03360,2141,1015,2244,782,708,1524,777
NIS_RS03365,6138,3571,7224,2850,2227,5450,3385
NIS_RS03370,1036,482,954,235,209,919,318
NIS_RS03375,4351,1732,2649,601,528,1722,770
NIS_RS03380,1659,554,787,187,121,360,214
NIS_RS03385,1189,498,621,235,186,284,79
NIS_RS03390,1499,823,1109,512,391,445,203
NIS_RS03395,5268,2555,4602,1403,1212,1070,487
NIS_RS03400,2871,1329,2271,622,484,633,263
NIS_RS03405,5694,3002,5874,2232,2029,3630,1176
NIS_RS03410,4912,2555,4940,1743,1386,3181,983
NIS_RS03415,2970,1349,2385,950,743,798,369
NIS_RS03420,5791,2112,4503,1170,919,5404,2111
NIS_RS03425,2031,623,1144,246,183,1525,497
NIS_RS03430,1405,524,687,188,149,1097,416
NIS_RS03435,5218,1784,3608,2421,1898,3665,1171
NIS_RS03440,22056,8998,13784,6451,5181,15267,6365
NIS_RS03445,3131,1200,2516,2165,1460,1574,527
NIS_RS03450,1166,541,1024,646,589,495,111
NIS_RS03455,788,326,615,377,334,446,129
NIS_RS03460,1309,499,1017,480,374,478,138
NIS_RS03465,622,235,409,118,112,109,52
NIS_RS03470,490,131,319,82,83,118,67
NIS_RS03475,1069,375,691,188,207,469,188
NIS_RS10150,1851,749,1259,285,320,406,235
NIS_RS03485,1188,560,1030,190,183,226,200
NIS_RS03490,1536,631,1232,264,223,282,166
NIS_RS03495,6439,3589,8223,2351,1848,1756,735
NIS_RS03500,102948,43280,58540,66746,53197,95070,86425
NIS_RS03505,6687,5074,7072,5598,4934,3725,2304
NIS_RS03510,7731,4446,7015,3939,3131,6332,2842
NIS_RS03515,2430,827,1476,404,276,876,529
NIS_RS03520,1200,305,533,207,140,419,154
NIS_RS09980,22894,8486,12788,15439,12930,12870,5988
NIS_RS09985,6700,3704,6066,2291,1910,2853,1679
NIS_RS03535,2784,2242,3485,1718,1456,1559,767
NIS_RS03540,4373,1656,4527,1341,1093,2832,1097
NIS_RS03545,2791,1023,3084,678,565,2025,751
NIS_RS03550,1028,286,810,200,184,627,306
NIS_RS03555,2424,715,1885,588,454,1199,467
NIS_RS03560,1019,149,569,193,165,416,122
NIS_RS03565,9782,3748,16173,3547,2734,8839,5821
NIS_RS03570,9880,2945,6519,1861,1393,12048,9480
NIS_RS03575,629,125,369,95,93,694,325
NIS_RS03580,213,90,123,47,32,323,104
NIS_RS03585,371,734,914,1709,1652,1002,1200
NIS_RS03590,802,130,316,716,413,14,18
NIS_RS03595,831,136,340,662,410,11,27
NIS_RS03600,1870,4541,4648,9559,7280,3477,5738
NIS_RS03605,313,509,630,366,176,58,89
NIS_RS03610,3895,1791,4221,2090,1588,2497,992
NIS_RS03615,8041,2447,6953,2219,1688,5745,1969
NIS_RS03620,4986,2447,5347,2927,2921,1615,1129
NIS_RS03625,8124,3378,8769,2283,2093,3300,1966
NIS_RS03630,19252,5115,12184,2807,2053,13158,4899
NIS_RS03635,6638,1339,2025,373,258,4773,1371
NIS_RS03640,2571,462,674,149,104,2472,1072
NIS_RS03645,24333,8798,22752,6764,5573,24529,13979
NIS_RS03650,22408,7120,14049,4464,3573,24392,12019
NIS_RS03655,11182,5148,15976,6083,4634,7418,3581
NIS_RS03660,6626,1927,5600,832,683,4559,3026
NIS_RS03665,11713,3133,6235,955,763,6263,3342
NIS_RS03670,9602,2722,3674,532,391,4028,2679
NIS_RS03675,812,141,208,43,27,55,50
NIS_RS03680,6325,2864,8182,2190,1891,4008,2384
NIS_RS03685,2389,842,2755,506,496,1857,994
NIS_RS03690,7422,3547,5578,2280,1815,6181,5164
NIS_RS03695,915,311,645,344,239,891,426
NIS_RS03700,677,162,570,126,108,448,141
NIS_RS03705,1737,694,1927,747,659,469,237
NIS_RS03710,1127,395,1034,449,418,891,365
NIS_RS03715,1893,1064,2682,879,802,1080,875
NIS_RS03720,19180,13479,23753,5349,4378,26823,17186
NIS_RS10190,2586,1824,2654,2080,1421,683,383
NIS_RS03730,947,392,1088,721,598,1466,799
NIS_RS03735,302,181,356,186,181,409,199
NIS_RS03740,646,309,690,349,271,759,281
NIS_RS03745,2544,844,2736,950,670,2062,1040
NIS_RS09995,7237,1939,3447,2236,1820,1492,619
NIS_RS10000,2426,736,1106,665,438,678,299
NIS_RS03755,614,148,223,120,94,242,78
NIS_RS03760,1435,386,1214,202,212,1641,392
NIS_RS03765,6887,3340,9622,3947,3186,12471,3651
NIS_RS03770,139181,160266,282324,142251,116494,127012,87667
NIS_RS03775,400,326,667,649,499,345,222
NIS_RS03780,7153,2934,4260,957,820,9014,5785
NIS_RS03785,5907,2722,4051,1252,1045,9957,6271
NIS_RS03790,25755,11229,22402,10347,7766,23131,16909
NIS_RS03795,1571,1235,2911,1107,954,1825,887
NIS_RS03800,2217,1313,3063,852,622,2773,2229
NIS_RS03805,2014,1291,2077,865,690,748,447
NIS_RS10005,2640,1375,2667,842,496,1577,598
NIS_RS03815,2951,595,788,117,107,898,529
NIS_RS03820,2027,585,651,179,108,1154,746
NIS_RS03825,754,210,335,70,58,707,366
NIS_RS03830,2356,714,905,249,225,2645,2475
NIS_RS03835,3143,936,1893,346,339,4206,4018
NIS_RS03840,5009,1810,5052,694,618,4216,2557
NIS_RS03845,5875,2327,6272,1980,1676,2930,1298
NIS_RS03850,1404,484,1266,507,356,1708,824
NIS_RS03855,2574,948,3222,872,725,3938,2026
NIS_RS03860,3897,1905,2122,384,325,4013,3619
NIS_RS03865,1998,939,1256,193,153,1683,1288
NIS_RS03870,4676,2425,3315,571,467,3981,3001
NIS_RS03875,1977,983,1492,235,175,2078,1612
NIS_RS03880,2734,1063,1568,332,257,1346,1783
NIS_RS03885,1745,757,1395,200,167,1091,706
NIS_RS03890,1634,900,2061,474,354,1346,1121
NIS_RS03895,8593,5253,14017,3694,2878,8853,6189
NIS_RS03900,1165,428,960,552,454,380,174
NIS_RS03905,1713,455,1492,534,408,948,346
NIS_RS03910,600,334,544,157,128,380,309
NIS_RS03915,273,217,235,59,50,172,162
NIS_RS03920,490,377,564,134,80,243,245
NIS_RS03925,170,138,229,36,26,77,48
NIS_RS03930,228,216,353,55,33,186,124
NIS_RS03935,1082,1232,2316,876,595,866,586
NIS_RS03940,126,72,107,17,19,33,37
NIS_RS03945,8834,6241,9978,3407,2666,8305,6089
NIS_RS03950,1051,607,1177,304,258,2037,1011
NIS_RS03955,1474,696,1422,389,293,1830,554
NIS_RS03960,16476,6759,22533,7102,6474,20853,14093
NIS_RS03965,471,380,460,411,359,143,83
NIS_RS03970,223,202,239,197,160,27,25
NIS_RS03975,120,49,48,25,19,234,75
NIS_RS03980,3965,1562,5267,1356,1050,3055,2128
NIS_RS03985,8936,3068,8358,1786,1417,10716,4904
NIS_RS03990,889,303,726,188,192,772,249
NIS_RS03995,1818,490,1407,453,339,1594,773
NIS_RS04000,724,189,475,128,89,774,314
NIS_RS04005,864,548,1003,392,373,221,102
NIS_RS04010,7138,3134,6277,2872,2344,7318,3631
NIS_RS04015,1568,390,706,450,296,1871,632
NIS_RS04020,1599,464,1061,369,313,2398,1060
NIS_RS04025,1358,417,827,256,158,1323,459
NIS_RS04030,1323,323,599,268,197,1021,502
NIS_RS04035,3288,1186,2511,1095,949,1396,531
NIS_RS04040,295,87,134,153,156,115,29
NIS_RS04045,2846,1136,1992,708,590,2359,735
NIS_RS04050,4323,1263,4035,1834,1488,2025,680
NIS_RS04055,2296,575,1685,556,367,1153,463
NIS_RS04060,6818,1537,3285,988,837,4796,2870
NIS_RS04065,108,75,102,210,79,25,30
NIS_RS04070,197,92,113,182,143,52,87
NIS_RS04075,216,103,212,94,93,154,100
NIS_RS04080,377,138,319,90,99,351,171
NIS_RS04085,167,94,107,41,34,31,35
NIS_RS04090,723,331,454,367,284,253,222
NIS_RS04095,1180,613,981,1054,673,209,161
NIS_RS04100,964,445,758,884,422,181,79
NIS_RS04105,2552,1251,2526,2200,1618,1138,689
NIS_RS04110,1992,976,1533,969,644,1314,796
NIS_RS04115,273,171,197,242,169,65,37
NIS_RS04120,779,206,624,209,189,216,118
NIS_RS04125,3178,1870,4457,2008,1745,2252,1733
NIS_RS04130,6744,3810,8172,2492,1928,6606,4696
NIS_RS04135,3073,1065,2070,750,630,2372,1178
NIS_RS04140,1159,274,509,156,129,537,225
NIS_RS04145,765,185,299,112,58,135,114
NIS_RS10010,836,318,397,140,134,225,123
NIS_RS04155,8401,5399,12735,5716,4412,6572,5023
NIS_RS04160,2542,1916,4276,1859,1550,2727,1753
NIS_RS04165,5491,3914,9279,2095,1596,12272,5894
NIS_RS04170,2687,1087,2114,760,682,4230,3226
NIS_RS04175,3193,1194,1977,886,668,4030,2100
NIS_RS04180,1322,656,958,397,419,2107,692
NIS_RS04185,2873,2074,5908,4489,4133,6708,1112
NIS_RS10015,6061,5367,11012,20793,18503,8496,1726
NIS_RS04195,8852,4314,9210,3195,2409,5452,3194
NIS_RS04200,234,59,144,10,22,310,93
NIS_RS04205,2320,540,1162,363,262,2994,1302
NIS_RS04210,5244,1181,2271,1132,994,6649,4752
NIS_RS04215,1150,246,644,125,127,1497,713
NIS_RS04220,12382,4088,13450,3198,2494,14143,9717
NIS_RS04225,3794,2334,4798,2260,2024,2310,1644
NIS_RS04230,3212,1474,2946,803,715,2802,1027
NIS_RS04235,1725,751,1048,283,233,1019,455
NIS_RS04240,4265,1691,3725,1114,905,1327,815
NIS_RS04245,1826,563,1110,174,146,537,381
NIS_RS04250,2646,681,1085,173,132,625,296
NIS_RS04255,2204,616,804,84,101,545,239
NIS_RS04260,1389,347,509,117,126,320,121
NIS_RS04265,2324,1139,2008,1222,935,1608,918
NIS_RS04270,2495,881,2129,940,722,2850,988
NIS_RS04275,1305,472,1042,474,366,1584,340
NIS_RS04280,682,281,467,169,160,448,87
NIS_RS04285,867,387,439,45,146,459,175
NIS_RS04290,1587,724,2060,613,457,1189,561
NIS_RS04295,1131,829,1494,470,426,561,241
NIS_RS04300,5002,1756,3722,1404,1230,1826,888
NIS_RS04305,914,337,706,276,238,290,129
NIS_RS04310,1624,820,2007,669,399,1096,728
NIS_RS04315,1571,413,595,114,111,348,182
NIS_RS04320,2255,576,1222,288,163,1108,501
NIS_RS04325,4946,1881,4562,1676,1458,1793,888
NIS_RS04330,1545,594,1200,255,234,702,538
NIS_RS04335,9212,5575,9005,3033,2585,9470,7218
NIS_RS04340,788,475,1085,298,230,1121,698
NIS_RS04345,3857,2245,5970,2138,1533,4512,2746
NIS_RS04350,4242,2965,6131,2971,2448,1708,1108
NIS_RS04355,4969,3483,5986,4550,3708,2374,1154
NIS_RS04360,1248,473,1010,662,484,715,255
NIS_RS04365,1167,406,1076,327,234,1139,432
NIS_RS04370,5414,1904,5762,1686,1238,4608,2502
NIS_RS04375,1360,770,1802,695,510,621,295
NIS_RS04380,929,447,898,333,219,675,205
NIS_RS04385,24101,983,1907,1383,1069,23175,7863
NIS_RS04390,3174,151,238,130,140,3632,1241
NIS_RS04395,37772,1602,2431,996,716,21859,9443
NIS_RS04400,5095,2685,5980,2762,2359,2959,2976
NIS_RS04405,2848,1367,4004,1040,916,5193,3258
NIS_RS04410,4139,2285,5306,1344,1162,3901,2111
NIS_RS04415,20075,7783,17342,3375,2529,22507,10051
NIS_RS04420,8390,3183,4727,931,859,12067,4886
NIS_RS04425,7979,3416,4815,876,716,6996,2992
NIS_RS04430,4532,5545,8016,11685,9094,5788,2632
NIS_RS04435,2295,1725,2537,1777,1575,3189,1364
NIS_RS04440,7968,3284,9665,1806,1574,6066,3296
NIS_RS04445,2360,1122,3188,467,352,1359,705
NIS_RS04450,1644,665,1220,135,149,1218,718
NIS_RS04455,2362,773,2222,336,371,1809,1313
NIS_RS04460,1629,691,1788,331,316,1478,531
NIS_RS04465,3226,1496,4242,1197,854,3118,1227
NIS_RS04470,2286,1467,3372,955,710,1719,1025
NIS_RS10020,1701,919,2187,1097,885,1264,623
NIS_RS04480,2781,1055,2621,873,758,3221,1825
NIS_RS04485,932,403,721,443,412,621,232
NIS_RS04490,3086,2310,3177,3872,2794,2478,1119
NIS_RS04495,2636,1863,2715,3116,2303,2037,921
NIS_RS04500,8402,2702,5387,6915,6293,3492,2136
NIS_RS04505,2715,653,2590,854,754,1454,694
NIS_RS04510,3950,2614,9921,1945,1600,1764,1930
NIS_RS04515,13103,6011,15394,2263,1682,14187,13167
NIS_RS04520,520,186,666,283,206,242,110
NIS_RS04525,12669,3895,10748,5416,4332,19019,8517
NIS_RS04530,2016,467,1018,427,496,2752,829
NIS_RS04535,2151,885,2114,737,554,490,327
NIS_RS04540,483,258,601,254,155,141,96
NIS_RS04545,13691,3659,12802,2765,2050,7839,6786
NIS_RS04550,2285,590,933,241,159,995,915
NIS_RS04555,2661,535,798,184,134,1260,946
NIS_RS04560,1109,234,291,67,105,950,623
NIS_RS04565,2134,545,645,199,150,2391,2029
NIS_RS04570,1943,607,1013,317,271,2116,1448
NIS_RS04575,779,220,460,91,112,979,632
NIS_RS04580,3608,1179,2553,738,624,3125,2549
NIS_RS04585,10290,2989,5753,1233,1172,12579,11534
NIS_RS04590,7815,2171,2953,794,510,6652,4383
NIS_RS04595,9217,2265,3021,1260,1146,8426,4469
NIS_RS04600,4475,1283,3483,1269,1154,1467,970
NIS_RS10120,1960545,3387723,3380521,3956404,3120484,1255361,2565438
NIS_RS04605,5202,1625,3579,1809,1647,4691,1883
NIS_RS04610,881,216,408,201,137,914,300
NIS_RS04615,585,287,503,350,166,548,226
NIS_RS04620,2482,1014,1975,626,524,3010,1103
NIS_RS04625,725,322,564,163,158,1135,364
NIS_RS04630,1508,659,1121,306,322,2077,694
NIS_RS04635,874,408,589,127,158,1689,546
NIS_RS04640,18236,9238,21847,13394,10931,10444,7573
NIS_RS04650,640,192,691,0,11,290,104
NIS_RS04655,323,104,385,0,77,115,52
NIS_RS04660,8754,3319,8014,2249,1899,4926,1816
NIS_RS04665,1700,445,1109,287,163,368,185
NIS_RS04670,722,262,382,93,87,188,67
NIS_RS04675,995,342,557,163,108,450,223
NIS_RS04680,1005,420,739,228,220,623,377
NIS_RS04685,1817,699,1233,262,253,1485,807
NIS_RS04690,642,138,374,90,46,571,265
NIS_RS04695,436,176,241,48,35,228,96
NIS_RS04700,816,390,525,115,127,451,164
NIS_RS04705,1308,566,915,280,268,671,452
NIS_RS04710,1279,450,939,291,224,836,488
NIS_RS04715,628,343,577,346,232,260,130
NIS_RS04720,76,42,70,43,29,6,13
NIS_RS04725,565,404,393,642,496,205,178
NIS_RS04730,1001,251,471,54,58,171,162
NIS_RS04735,1203,443,882,124,108,743,403
NIS_RS04740,7532,3178,5460,1329,1061,5572,3375
NIS_RS04745,3070,1465,3076,797,738,2650,1793
NIS_RS04750,7024,3491,7973,1670,1532,8200,6600
NIS_RS04755,13348,6435,17967,6937,5630,10885,7434
NIS_RS04760,6785,5021,8047,9222,6863,17780,7232
NIS_RS10025,1127,1212,1695,510,409,197,122
NIS_RS04770,3919,1302,4986,1626,1325,1722,890
NIS_RS04775,11602,3498,13732,4918,4162,7512,3864
NIS_RS04780,3489,998,4211,1249,1170,2745,1219
NIS_RS04785,12048,2715,8608,1632,1316,9112,6676
NIS_RS04790,4242,845,1574,226,142,2359,1955
NIS_RS04795,3885,1226,2264,678,509,2553,1392
NIS_RS04800,926,295,588,216,163,592,281
NIS_RS04805,919,274,391,62,55,248,152
NIS_RS04810,6545,2224,2785,266,223,5894,4997
NIS_RS04815,2311,1039,2412,578,514,2233,946
NIS_RS04820,15836,6090,17642,4565,3728,8610,5013
NIS_RS04825,2941,1005,2375,409,360,1264,307
NIS_RS04830,1376,616,1172,584,600,1040,465
NIS_RS04835,218,98,190,167,92,435,252
NIS_RS04840,1160,540,1029,510,446,2796,1421
NIS_RS04845,4064,1868,4282,970,781,4664,1916
NIS_RS04850,1685,610,1102,184,134,732,759
NIS_RS04855,10477,4495,8606,4342,3520,16804,8756
NIS_RS04860,374,221,417,152,184,220,82
NIS_RS04865,1326,827,1256,602,599,1205,567
NIS_RS04870,1169,881,1150,345,275,2054,300
NIS_RS04875,2018,1510,2732,485,448,13756,1639
NIS_RS10235,2217,1792,3166,564,538,12767,1794
NIS_RS04880,9972,10507,22500,3528,2909,73441,22249
NIS_RS04885,3117,4630,11092,1483,1195,12406,6236
NIS_RS04890,6841,3656,4603,527,433,3270,1786
NIS_RS04895,2603,1851,4073,219,176,2014,994
NIS_RS04900,9888,7004,20504,2293,1921,9255,6179
NIS_RS04905,27807,22869,57002,12553,9656,82511,100778
NIS_RS04910,1442,442,1038,3915,3096,9197,1242
NIS_RS04915,1611,419,1377,8793,7050,8586,2191
NIS_RS04920,1927,679,1916,12847,11015,4095,1417
NIS_RS04925,929,323,925,5803,5069,1977,517
NIS_RS04930,431,95,261,1246,1049,993,241
NIS_RS04935,1549,242,878,1540,1088,2344,621
NIS_RS04940,1598,863,1610,665,530,1542,685
NIS_RS04945,2986,1522,2494,905,810,2750,1514
NIS_RS04950,532,193,418,109,132,223,116
NIS_RS04955,1486,616,1632,876,693,512,206
NIS_RS04960,151,106,119,88,90,56,56
NIS_RS10030,364,247,385,122,122,157,106
NIS_RS04970,80,40,26,3,10,26,9
NIS_RS04975,239,98,212,85,48,107,95
NIS_RS04980,7637,3136,9247,2336,1858,3347,2596
NIS_RS04985,6318,4283,6604,2556,2074,9161,4261
NIS_RS04990,7611,5626,10050,4470,3543,11433,8559
NIS_RS04995,1071,661,921,214,112,2438,979
NIS_RS05000,1788,1458,1853,528,435,4849,2359
NIS_RS05005,1623,1149,1488,436,381,2286,1088
NIS_RS05010,905,639,959,354,414,954,304
NIS_RS05015,366,262,255,99,65,284,57
NIS_RS05020,687,483,531,100,82,547,231
NIS_RS05025,865,655,614,132,138,401,238
NIS_RS05030,595,499,544,122,136,161,84
NIS_RS05035,3684,3607,5383,2666,2349,5159,1297
NIS_RS05040,949,622,578,330,293,950,453
NIS_RS05045,599,227,354,158,102,617,390
NIS_RS05050,593,354,512,319,291,844,477
NIS_RS05055,542,310,570,332,258,715,385
NIS_RS05060,436,255,302,387,302,284,130
NIS_RS05065,231,89,131,70,52,222,180
NIS_RS05070,174,27,91,29,50,95,81
NIS_RS05075,91,25,48,35,23,57,34
NIS_RS05080,90,36,68,47,10,69,30
NIS_RS05085,394,209,281,89,85,242,200
NIS_RS05090,242,177,259,60,69,111,77
NIS_RS05095,452,173,285,84,115,280,142
NIS_RS10315,304,122,120,27,41,356,276
NIS_RS05100,208,137,130,37,54,173,207
NIS_RS05105,847,318,327,86,94,590,379
NIS_RS05110,1112,313,336,113,92,693,352
NIS_RS05115,971,264,394,133,148,798,419
NIS_RS05120,1445,441,733,542,511,955,401
NIS_RS05125,6066,3795,7517,4660,3916,9607,6290
NIS_RS05130,875,315,660,373,214,1493,904
NIS_RS05135,204,113,249,64,41,140,117
NIS_RS05140,200,118,178,94,89,144,94
NIS_RS05145,1358,438,1066,381,275,656,462
NIS_RS05150,6654,3355,7928,1945,1664,3767,1773
NIS_RS05155,5042,6069,8359,7519,6396,4156,2576
NIS_RS05160,5890,5159,6274,9731,7254,5935,4472
NIS_RS05165,3873,3359,5156,6419,5680,4155,2132
NIS_RS05170,2421,1451,3327,2074,1742,2503,1472
NIS_RS05175,388,214,469,281,200,225,85
NIS_RS05180,623,275,662,317,278,448,212
NIS_RS05185,1137,456,1090,543,479,803,242
NIS_RS05190,682,216,594,137,129,772,267
NIS_RS05195,854,252,309,53,70,415,210
NIS_RS05200,29301,5932,10795,3279,2673,32146,27154
NIS_RS05205,25710,5732,7897,1906,1634,51113,41692
NIS_RS05210,8974,2072,2442,414,360,9788,5835
NIS_RS05215,6756,1306,1713,161,171,4121,1253
NIS_RS05220,5690,960,1418,103,92,3192,1296
NIS_RS05225,4430,683,1061,74,47,1277,621
NIS_RS05230,2795,548,802,146,126,971,380
NIS_RS05235,1692,1051,2394,528,486,2182,896
NIS_RS05240,1194,1073,2238,614,549,2373,1828
NIS_RS05245,921,1005,1994,1376,1009,488,322
NIS_RS05250,5744,2550,5644,3647,2913,2961,1630
NIS_RS05255,5968,2039,4497,3119,2567,4961,1840
NIS_RS05260,1728,586,1101,904,756,1503,332
NIS_RS05265,4836,1475,2951,1598,1414,5558,1850
NIS_RS05270,2439,853,1166,529,472,3132,1146
NIS_RS05275,1747,598,797,248,223,1473,467
NIS_RS05280,497,199,260,123,81,270,74
NIS_RS05285,834,327,452,302,250,540,220
NIS_RS05290,1891,736,2091,816,633,788,336
NIS_RS05295,1481,715,1298,622,599,359,153
NIS_RS05300,1045,408,627,537,542,386,210
NIS_RS05305,1771,575,964,1074,916,1295,549
NIS_RS05310,5926,1948,3209,3319,2731,3498,2382
NIS_RS05315,663,128,493,127,159,742,234
NIS_RS05320,841,270,698,361,310,789,346
NIS_RS05325,2063,816,2504,1129,989,982,515
NIS_RS05330,4531,1278,3658,1096,816,2379,1137
NIS_RS05335,4481,1564,3644,1182,1119,1472,624
NIS_RS05340,1204,527,1327,505,379,657,208
NIS_RS05345,3391,1266,3615,1724,1416,1145,650
NIS_RS05350,1510,520,1715,459,403,656,341
NIS_RS05355,536,203,286,85,96,198,95
NIS_RS05360,408,187,313,84,63,137,59
NIS_RS05365,1589,629,1382,513,423,1408,550
NIS_RS05370,1311,664,1552,800,743,1061,503
NIS_RS05375,9687,4568,12866,4155,3413,13296,6980
NIS_RS05380,2631,1210,2388,1012,679,4481,3087
NIS_RS05385,2193,875,1738,590,541,4871,3460
NIS_RS05390,4558,1729,2982,1045,811,7414,4363
NIS_RS05395,1917,626,881,212,150,1176,758
NIS_RS05400,692,190,184,414,307,224,108
NIS_RS05405,57,44,50,44,39,41,42
NIS_RS05410,165,86,144,78,54,41,27
NIS_RS05415,2076,599,2072,657,515,757,502
NIS_RS05420,215,73,191,45,61,58,66
NIS_RS05425,133,60,64,37,54,15,47
NIS_RS05430,111,57,75,57,45,23,35
NIS_RS05435,1990,732,1955,978,763,1005,516
NIS_RS05440,1041,311,667,256,139,519,307
NIS_RS05445,1748,678,1929,759,559,1557,513
NIS_RS05450,9201,2833,8584,2548,2028,10341,4895
NIS_RS05455,1514,319,778,219,198,794,529
NIS_RS05460,931,212,559,144,131,493,311
NIS_RS05465,55167,89463,189309,60847,48987,90732,28020
NIS_RS05470,10363,15603,26166,5375,3783,30401,6482
NIS_RS05475,18100,28815,46603,6822,5692,53630,11507
NIS_RS05480,8602,14389,22607,3398,2942,14095,3101
NIS_RS05485,1085,808,1033,272,243,1335,440
NIS_RS05490,2134,534,782,139,106,2423,1443
NIS_RS05495,2622,783,1003,284,335,2535,1504
NIS_RS05500,1056,348,542,166,166,834,224
NIS_RS05505,5219,1402,2133,489,476,7416,2854
NIS_RS05510,4765,1184,3256,392,375,9579,3637
NIS_RS05515,6288,2063,6273,678,582,8557,3261
NIS_RS05520,3723,1742,4398,819,657,2330,1185
NIS_RS05525,3396,918,1903,360,264,1636,854
NIS_RS05530,626,116,345,62,42,314,84
NIS_RS05535,2870,834,2265,358,286,2618,786
NIS_RS05540,6936,2733,8919,1520,1260,3581,1531
NIS_RS05545,4327,1900,4929,1920,1700,2374,1607
NIS_RS05550,12895,4780,9540,6102,5272,10446,5136
NIS_RS05555,10844,3474,5295,2791,2250,9313,4242
NIS_RS05560,4196,1305,2306,1050,961,3180,1532
NIS_RS05565,2047,414,851,193,176,1121,572
NIS_RS05570,3094,531,1505,124,160,2144,780
NIS_RS05575,11371,2645,10571,2103,1970,6124,3041
NIS_RS05580,1471,483,1333,439,285,1500,625
NIS_RS05585,792,167,415,99,90,263,119
NIS_RS05590,8544,2937,7871,2423,2147,7285,3619
NIS_RS05595,956,405,711,316,264,1369,516
NIS_RS05600,2436,930,2070,829,668,3615,2209
NIS_RS05605,1422,650,1361,1155,1050,2524,757
NIS_RS05610,9526,6569,10784,12005,10188,11202,6006
NIS_RS05615,1648,836,1452,630,611,1144,431
NIS_RS05620,689,309,811,282,240,806,385
NIS_RS05625,1477,395,835,369,386,1622,991
NIS_RS05630,1565,471,1305,408,317,1366,970
NIS_RS05635,377,206,292,135,111,781,282
NIS_RS05640,682,425,731,266,234,1323,540
NIS_RS05645,385,147,395,139,116,227,71
NIS_RS05650,1806,568,1383,632,590,1524,992
NIS_RS05655,11139,4795,11188,3075,2596,15833,7817
NIS_RS05660,1735,868,1959,817,665,979,546
NIS_RS10035,1287,599,1585,488,457,601,414
NIS_RS05670,2620,870,2665,636,620,2780,1880
NIS_RS05675,341,83,235,54,31,276,66
NIS_RS05680,1436,493,800,210,151,1432,583
NIS_RS05685,841,226,659,161,151,489,301
NIS_RS05690,2888,1199,3403,1559,1288,1525,460
NIS_RS05695,2692,949,2723,938,563,1060,590
NIS_RS05700,2824,953,2808,698,466,1031,563
NIS_RS05705,1626,549,1188,729,651,1490,1213
NIS_RS05710,1595,449,710,127,107,1096,455
NIS_RS05715,2275,698,1289,292,191,2253,814
NIS_RS05720,1605,461,796,381,288,2085,950
NIS_RS05725,261,141,169,133,112,267,134
NIS_RS05730,460,242,388,80,72,341,148
NIS_RS05735,5606,2236,4740,1188,1003,4218,1651
NIS_RS05740,3311,1911,4283,1501,1180,1633,895
NIS_RS10195,2486,708,1822,461,358,1254,569
NIS_RS05750,2485,1645,2453,884,775,927,518
NIS_RS05755,1830,1232,2136,847,744,1372,499
NIS_RS10320,287,168,413,88,95,193,64
NIS_RS10325,665,276,611,183,173,490,216
NIS_RS05765,5600,1205,2509,772,611,1816,1182
NIS_RS05770,4380,888,1336,541,464,600,453
NIS_RS05775,8717,1580,3618,826,558,934,751
NIS_RS05780,3945,1792,5617,1410,1144,1792,964
NIS_RS05785,5170,1610,5245,1174,1030,3055,1120
NIS_RS10270,573,220,492,114,86,192,74
NIS_RS05790,282,99,178,53,32,433,176
NIS_RS05795,683,217,304,91,57,391,321
NIS_RS05800,479,95,177,63,62,410,97
NIS_RS05805,2586,620,1143,354,288,2123,1011
NIS_RS05810,2729,797,2341,682,578,2759,1667
NIS_RS05815,3460,760,2200,404,355,1052,559
NIS_RS05820,4251,1863,4530,1341,1184,1593,1151
NIS_RS05825,3186,769,2410,777,618,1525,588
NIS_RS05830,3390,1003,3268,833,661,2107,1008
NIS_RS05835,2017,574,1560,157,129,1350,766
NIS_RS05840,1398,387,921,76,103,845,530
NIS_RS05845,388,172,269,47,45,305,102
NIS_RS05850,1810,768,1451,515,435,1420,553
NIS_RS05855,471,212,316,87,103,294,161
NIS_RS05860,988,377,729,193,95,359,171
NIS_RS05865,1555,511,770,189,196,343,175
NIS_RS05870,2057,720,1435,460,392,1122,558
NIS_RS05875,1119,439,1045,501,407,843,252
NIS_RS05880,3974,1979,4224,2498,2024,2309,1141
NIS_RS10275,362,426,489,536,424,172,85
NIS_RS05885,283,123,130,27,61,308,108
NIS_RS05890,886,253,650,143,146,937,371
NIS_RS05895,2307,769,2275,437,416,1579,424
NIS_RS05900,1889,867,2501,726,574,1196,468
NIS_RS05905,182,107,235,44,63,63,72
NIS_RS05910,456,141,486,119,73,110,73
NIS_RS05915,2907,893,3345,787,707,1945,625
NIS_RS05920,1515,270,614,143,126,489,249
NIS_RS05925,1952,628,1515,518,422,821,500
NIS_RS05930,2478,545,1010,149,109,875,487
NIS_RS05935,970,222,388,62,76,380,171
NIS_RS05940,720,155,159,41,35,190,146
NIS_RS05945,500,133,141,13,19,69,29
NIS_RS05950,497,132,287,130,116,261,68
NIS_RS05955,2197,2578,4418,4876,3951,3527,997
NIS_RS05960,1143,450,1230,528,501,452,160
NIS_RS05965,484,178,415,156,130,189,179
NIS_RS05970,3206,1013,2809,793,665,2243,1398
NIS_RS05975,1671,1008,1255,219,146,1326,1140
NIS_RS05980,18734,13469,16916,2663,2038,19081,10581
NIS_RS05985,7006,4665,6636,1513,1296,7434,5915
NIS_RS05990,33351,23093,44914,8694,6834,22528,13759
NIS_RS05995,10975,3874,10554,2100,1910,6615,2981
NIS_RS06000,1641,357,688,54,83,690,271
NIS_RS06005,517,87,164,27,19,91,25
NIS_RS06010,825,164,438,168,164,768,169
NIS_RS06015,4595,1716,3588,2235,1954,5960,2175
NIS_RS06020,12166,11209,16467,18063,14373,56242,30134
NIS_RS06025,1161,701,1342,2518,1787,2231,1750
NIS_RS06030,3308,1391,3099,5594,5280,1782,2266
NIS_RS06035,11497,4278,11536,5490,3930,2516,2380
NIS_RS06040,108,59,85,15,29,219,61
NIS_RS06045,6375,6800,18942,3978,3166,4446,2009
NIS_RS06050,4064,3548,11430,1393,1167,1898,544
NIS_RS06055,2948,949,2085,1624,1293,1185,578
NIS_RS06060,1044,405,665,550,508,458,195
NIS_RS06065,1412,380,591,293,239,1794,675
NIS_RS06070,717,202,252,116,103,870,283
NIS_RS06075,1051,240,375,156,138,1299,452
NIS_RS06080,5526,1625,2991,1029,812,4687,2279
NIS_RS06085,2009,308,663,498,482,551,326
NIS_RS06090,1131,116,210,217,176,241,69
NIS_RS06095,1682,267,412,167,133,2005,607
NIS_RS06100,1564,269,442,202,164,3047,639
NIS_RS06105,1575,234,545,153,146,1862,331
NIS_RS06110,3415,638,1502,643,574,3034,552
NIS_RS06115,5715,1610,3356,2528,1863,7742,3219
NIS_RS06120,2299,1010,2540,1197,909,1590,884
NIS_RS06125,785,245,692,269,208,389,145
NIS_RS06130,5368,1991,6785,1235,1133,4054,2330
NIS_RS06135,6716,2986,7484,2649,2216,3697,1737
NIS_RS06140,4556,1831,4808,1464,1111,3080,1302
NIS_RS06145,1380,370,967,259,180,1024,590
NIS_RS06150,2045,797,1627,534,526,743,333
NIS_RS06155,527,134,409,102,56,171,63
NIS_RS06160,2120,472,1321,288,251,680,410
NIS_RS06165,2298,835,1750,444,342,1171,580
NIS_RS06170,5904,3074,9098,2171,1627,3850,2155
NIS_RS06175,3422,780,1960,1064,788,2511,2452
NIS_RS06180,1921,813,1585,731,653,2404,1208
NIS_RS06185,984,442,811,326,324,1395,557
NIS_RS06190,2251,1367,2287,704,664,1757,861
NIS_RS06195,882,590,965,575,552,530,260
NIS_RS06200,2024,624,767,543,431,1617,1575
NIS_RS06205,327,71,124,40,28,193,136
NIS_RS06210,182,51,58,15,20,158,152
NIS_RS06215,1801,524,1335,406,402,1137,499
NIS_RS06220,5288,1496,4522,1047,795,8149,3376
NIS_RS06225,37571,16097,43867,11648,9318,37248,31280
NIS_RS06230,4827,2037,7056,2405,1870,5588,3236
NIS_RS06235,893,272,678,111,87,380,153
NIS_RS06240,14536,6950,19663,9292,7018,21554,9559
NIS_RS06245,9759,3898,13626,3456,2738,11235,7013
NIS_RS06250,9897,2985,8874,2866,2479,8721,5995
NIS_RS06255,7000,2228,4602,3031,2421,6676,2609
NIS_RS06260,1427,301,602,495,392,1448,427
NIS_RS06265,1763,448,890,602,503,1936,881
NIS_RS06270,2246,492,875,640,543,903,306
NIS_RS06275,1714,502,956,458,386,990,362
NIS_RS06280,6070,1388,3584,1880,1666,6172,3442
NIS_RS06285,3857,1209,3137,2056,1845,2813,1593
NIS_RS06290,4703,2130,5927,2381,2052,2063,1190
NIS_RS06295,5817,1459,6601,1147,1125,4353,3381
NIS_RS06300,2350,468,2012,180,185,667,461
NIS_RS06305,4255,583,1561,211,176,1761,1849
NIS_RS06310,5356,1076,1273,345,267,3529,4541
NIS_RS06315,1512,511,1086,786,662,991,402
NIS_RS06320,3266,872,2016,643,591,1575,619
NIS_RS06325,1064,259,543,98,64,728,241
NIS_RS10045,1411,606,953,605,483,2238,424
NIS_RS06335,1993,737,1572,1124,879,2979,668
NIS_RS06340,1875,481,1282,381,279,1865,595
NIS_RS06345,10669,4104,14014,3801,3139,14560,6610
NIS_RS06350,5058,2187,6203,3039,2174,1677,1351
NIS_RS06355,7926,3054,11337,2166,1956,5127,2929
NIS_RS06360,35871,11075,31415,3360,3034,21983,12422
NIS_RS06365,4275,1391,3656,1216,1201,3833,1927
NIS_RS06370,1281,381,1039,495,436,335,201
NIS_RS10200,546,94,334,109,90,377,126
NIS_RS06375,1073,287,570,192,218,1395,504
NIS_RS06380,1854,361,1180,500,398,3947,1764
NIS_RS06385,812,151,607,292,233,765,338
NIS_RS06390,1955,810,1784,1057,898,868,490
NIS_RS06395,3528,1086,2099,414,380,2684,1504
NIS_RS06400,6427,2363,4345,1359,1199,4230,2103
NIS_RS06405,2263,671,1303,402,269,2368,873
NIS_RS06410,3725,1329,2284,660,486,3485,1464
NIS_RS06415,5889,2537,4719,1502,1276,6242,3265
NIS_RS06420,2448,492,665,159,152,2372,1042
NIS_RS06425,5084,1818,2170,505,429,6337,5694
NIS_RS06430,26214,14270,36319,9642,7439,37806,30768
NIS_RS06435,807,151,567,385,391,344,186
NIS_RS06440,5982,895,1687,891,790,1790,652
NIS_RS06445,10401,1225,2777,1616,1455,4660,2418
NIS_RS06450,4730,813,2620,2007,1532,697,384
NIS_RS06455,1425,336,637,858,750,60,101
NIS_RS06460,3793,3348,4521,4391,3663,4927,1465
NIS_RS06465,571,511,695,819,633,730,168
NIS_RS06470,2021,1099,1354,781,609,2115,786
NIS_RS06475,2210,457,1000,421,342,2926,987
NIS_RS06480,4043,847,2113,921,828,2729,933
NIS_RS06485,9868,1223,4307,1088,793,5346,3322
NIS_RS06490,3230,1068,2617,1249,859,7691,3817
NIS_RS06495,77602,23113,74768,18934,15114,79971,43738
NIS_RS06500,11420,2485,6171,1439,1165,6353,3354
NIS_RS06505,20879,5642,11754,4501,3650,10365,10468
NIS_RS06510,6638,2265,6683,2031,1600,5517,2353
NIS_RS06515,448,208,262,42,48,651,221
NIS_RS06520,684,221,361,85,64,1005,406
NIS_RS06525,1984,750,1010,273,204,2035,527
NIS_RS06530,4836,1813,2229,1189,1201,12226,7593
NIS_RS06535,12608,5564,7395,3279,2528,41372,31214
NIS_RS06540,6383,2374,3417,1594,1296,20744,9930
NIS_RS06545,19940,6294,10354,6099,4860,39981,31834
NIS_RS06550,5878,1791,4084,1593,1286,6253,2344
NIS_RS06555,6032,1868,5109,1854,1512,7284,3735
NIS_RS06560,7250,2934,7279,3426,2867,4769,3910
NIS_RS06565,2133,678,1881,407,339,1933,859
NIS_RS06570,4377,2624,5401,3124,2691,3181,1400
NIS_RS06575,1148,537,1006,623,516,871,377
NIS_RS06580,1473,430,1017,362,266,1598,1014
NIS_RS06585,1495,384,684,401,344,1953,637
NIS_RS06590,3871,886,2034,1800,1415,11487,5899
NIS_RS06595,4478,1200,3336,2265,1487,14985,8730
NIS_RS06600,10439,4219,8741,5102,4250,6121,8163
NIS_RS06605,4690,1232,3746,2292,1538,3961,2791
NIS_RS06610,1727,623,1878,786,639,1675,1195
NIS_RS06615,404,273,378,535,396,48,41
NIS_RS06620,813,512,720,1061,848,235,128
NIS_RS10055,12731,8783,14465,5201,4138,9477,5410
NIS_RS06630,3345,1082,2092,1291,948,4064,2392
NIS_RS06635,1786,659,2050,694,589,2858,1487
NIS_RS06640,2669,1249,3350,1209,996,1844,1231
NIS_RS06645,674,330,796,262,229,245,195
NIS_RS06650,3059,1406,3286,982,797,2691,1954
NIS_RS06655,302,81,139,70,74,284,129
NIS_RS06660,1441,491,1385,534,372,2825,1287
NIS_RS06665,2351,694,2356,417,436,1147,457
NIS_RS10205,396,160,284,110,48,429,326
NIS_RS06670,776,376,712,247,212,918,596
NIS_RS06675,167,96,180,74,108,175,77
NIS_RS10210,1001,394,945,406,421,563,289
NIS_RS06685,658,364,491,342,381,192,234
NIS_RS06690,1103,366,820,280,308,646,299
NIS_RS06695,460,107,181,90,115,198,74
NIS_RS06700,3204,904,2032,1031,808,1481,890
NIS_RS06705,686,239,554,358,260,325,167
NIS_RS06710,483,193,436,282,193,156,159
NIS_RS06715,272,112,161,115,96,73,123
NIS_RS06720,288,169,213,211,87,35,63
NIS_RS10070,400,212,231,352,82,41,57
NIS_RS10075,257,118,124,93,21,29,21
NIS_RS06735,320,240,357,206,105,53,51
NIS_RS06740,1029,599,977,487,524,379,357
NIS_RS06745,1169,806,1283,472,382,873,382
NIS_RS06750,2040,1402,2366,900,702,997,599
NIS_RS06755,1863,772,1687,569,510,1767,950
NIS_RS06760,816,384,441,267,263,839,404
NIS_RS06765,531,269,335,175,153,359,126
NIS_RS06770,997,327,451,200,191,750,321
NIS_RS06775,991,259,478,163,130,848,288
NIS_RS06780,5482,1737,2758,1419,1278,7549,3827
NIS_RS06785,3037,1086,1943,1012,877,2338,853
NIS_RS06790,1286,449,924,375,298,1782,499
NIS_RS06795,1819,652,1222,519,507,1869,610
NIS_RS06800,8684,3229,6460,3688,3234,8751,4761
NIS_RS10215,2575,1114,2374,1803,1602,1153,732
NIS_RS06810,3198,1405,3268,2423,2065,2054,839
NIS_RS06815,2371,603,897,484,277,2608,1442
NIS_RS06820,2368,690,1946,519,541,2452,729
NIS_RS06825,942,322,859,219,212,663,192
NIS_RS06830,4708,1957,5471,1655,1276,3831,1470
NIS_RS06835,1216,425,1204,388,353,919,529
NIS_RS06840,1653,678,835,609,488,4485,3588
NIS_RS06845,2263,708,1327,1036,813,5858,3748
NIS_RS06850,10263,3506,4214,3683,2521,14607,11456
NIS_RS06855,6670,2158,3380,2904,2047,11535,11311
NIS_RS06860,17251,7231,17917,11036,8530,25497,20003
NIS_RS06865,3522,1321,4271,1308,1195,1914,915
NIS_RS06870,4659,3230,4690,3828,2550,175,346
NIS_RS06875,5770,3940,5772,4803,3313,275,461
NIS_RS06880,5580,3648,5528,4593,3197,320,441
NIS_RS06885,3604,2220,3409,2954,2104,272,325
NIS_RS06890,1557,170,319,540,416,677,120
NIS_RS06895,356,89,228,85,82,122,54
NIS_RS06900,644,215,357,148,107,833,345
NIS_RS06905,3050,1322,2953,1007,815,4670,2615
NIS_RS06910,94,36,65,49,29,40,19
NIS_RS06915,2957,906,3094,866,992,1235,330
NIS_RS06920,1043,352,841,192,180,193,107
NIS_RS06925,252,74,94,14,17,28,22
NIS_RS06930,27889,34781,73142,10041,7586,23971,24798
NIS_RS06935,77674,120050,153836,42313,35892,52205,50623
NIS_RS06940,976,687,2153,740,761,1900,889
NIS_RS06945,2941,833,2497,1207,918,1054,426
NIS_RS06950,507,191,552,143,159,351,187
NIS_RS06955,6329,2749,6587,2075,1904,8214,4519
NIS_RS06960,2070,746,1401,357,297,3398,1389
NIS_RS06965,1717,612,857,264,258,3035,1413
NIS_RS06970,387,130,222,52,36,304,92
NIS_RS06975,1367,433,1268,401,238,1484,394
NIS_RS06980,1592,619,1975,546,339,1318,888
NIS_RS06985,766,414,979,347,270,413,156
NIS_RS06990,6322,2881,3971,1207,920,13189,5843
NIS_RS06995,14211,7124,13129,4689,3881,21861,15199
NIS_RS07000,3729,2476,4774,2199,1911,2264,1745
NIS_RS10280,1488,547,1462,405,388,743,537
NIS_RS07010,2300,717,1998,453,352,1099,477
NIS_RS07015,1458,527,1031,438,338,1697,435
NIS_RS07020,2003,846,1836,857,637,2549,933
NIS_RS07025,632,195,341,432,372,697,360
NIS_RS07030,3105,1632,2873,1824,1507,1845,895
NIS_RS07035,1207,478,872,269,271,594,271
NIS_RS07040,1523,478,1117,233,206,1091,499
NIS_RS07045,5061,1897,5216,1585,1232,4405,2551
NIS_RS07050,3584,1854,5205,1764,1454,2665,1840
NIS_RS07055,1401,925,2245,1051,868,444,259
NIS_RS07060,1933,560,1606,508,464,1068,561
NIS_RS07065,1039,229,821,71,52,447,277
NIS_RS07070,336,69,184,20,13,67,22
NIS_RS07075,3206,1170,3666,1244,828,3263,2192
NIS_RS07080,1166,346,1085,272,240,1954,543
NIS_RS07085,478,141,414,264,212,335,116
NIS_RS07090,1111,696,1126,859,670,445,184
NIS_RS07095,2064,1182,2770,771,803,281,127
NIS_RS10285,16,14,14,7,20,15,4
NIS_RS07100,367,193,372,145,157,269,205
NIS_RS07105,108,58,76,37,18,59,72
NIS_RS07110,30,37,55,22,25,41,26
NIS_RS07115,26,27,47,12,7,49,16
NIS_RS07120,35,63,68,24,20,71,73
NIS_RS07125,425,271,685,201,213,101,70
NIS_RS07130,16,9,14,5,16,21,7
NIS_RS07135,120,78,105,44,26,20,13
NIS_RS07140,483,201,448,254,209,116,71
NIS_RS07145,947,471,1120,582,437,311,133
NIS_RS07150,1513,1137,2069,1128,913,465,401
NIS_RS07155,1121,500,1072,552,454,1146,309
NIS_RS07160,471,203,346,228,209,105,34
NIS_RS07165,28838,16346,25397,21661,18079,12065,13357
NIS_RS07170,5681,1650,2843,1422,1061,9948,5670
NIS_RS07175,275,76,156,62,67,234,89
NIS_RS07180,3488,1291,2403,1409,1265,2697,1098
NIS_RS07185,4333,1081,2046,965,939,4226,1248
NIS_RS07190,11975,3162,7214,5138,4171,13387,4460
NIS_RS07195,1666,522,665,245,245,1856,734
NIS_RS07200,6531,2104,2631,1415,1064,13679,9082
NIS_RS07205,5887,1810,2909,1818,1595,8483,4779
NIS_RS07210,9088,2767,7638,3457,2827,9287,4536
NIS_RS07215,926,618,1122,776,658,187,84
NIS_RS07220,1942,958,2136,516,490,891,493
NIS_RS07225,5118,1462,3787,2103,1866,1255,571
NIS_RS07230,1340,406,847,256,206,253,129
NIS_RS07235,8175,1734,3249,802,748,2813,1973
NIS_RS07240,2863,895,1712,797,612,764,446
NIS_RS07245,10461,2134,5177,1944,1441,10859,4520
NIS_RS07250,2816,1051,3636,1154,1120,2587,1168
NIS_RS07255,3217,2622,3482,2843,2131,2114,1672
NIS_RS07260,9753,4747,9480,3222,2566,5419,3888
NIS_RS07265,2043,740,1019,261,247,803,486
NIS_RS07270,1198,529,594,108,98,360,184
NIS_RS07275,659,284,194,33,48,139,46
NIS_RS07280,13286,4161,10301,5477,4927,7086,3480
NIS_RS07285,1889,540,1156,316,312,1610,547
NIS_RS07290,4841,1835,2626,1835,1486,6791,3144
NIS_RS07295,4439,1594,2310,1526,1145,8709,2997
NIS_RS07300,2403,895,1410,904,663,4058,1509
NIS_RS07305,2051,739,1392,703,507,3177,1356
NIS_RS07310,3600,1382,2571,1251,1082,5190,3568
NIS_RS07315,2004,723,1424,630,559,1307,442
NIS_RS07320,1373,449,945,431,398,1377,467
NIS_RS07325,3094,1279,2702,1293,1042,3711,1675
NIS_RS07330,2685,1377,3932,1600,1442,2237,1204
NIS_RS07335,877,173,500,192,204,761,237
NIS_RS07340,1213,313,917,522,557,959,438
NIS_RS07345,1333,308,796,346,320,493,149
NIS_RS07350,2621,576,1553,527,603,3685,1444
NIS_RS07355,1296,280,521,127,74,1700,735
NIS_RS07360,591,235,362,214,140,406,196
NIS_RS07365,449,130,260,88,102,253,120
NIS_RS07370,783,323,499,141,144,440,205
NIS_RS07375,586,211,256,86,51,209,79
NIS_RS07380,2464,1056,2290,1329,778,1094,724
NIS_RS07385,1598,568,1556,250,216,938,248
NIS_RS07390,1003,342,779,471,405,552,293
NIS_RS07395,7216,2666,6250,3872,3104,2434,1383
NIS_RS07400,3461,1452,3671,2213,1935,3997,2386
NIS_RS07405,2759,1174,1878,1018,780,1787,1149
NIS_RS07410,822,264,411,95,83,170,66
NIS_RS07415,27550,11064,22766,8549,6642,12651,5553
NIS_RS07420,435,144,191,66,60,389,136
NIS_RS07425,2201,398,960,212,253,1785,541
NIS_RS07430,1814,360,1086,283,281,1474,384
NIS_RS07435,6018,1790,6478,2667,2133,4649,2455
NIS_RS07440,12950,899,2067,917,715,9391,1277
NIS_RS07445,22197,1547,3398,4725,3373,25558,3300
NIS_RS07450,2551,1706,4434,2779,1916,433,412
NIS_RS07455,2451,1051,3167,1994,1381,476,266
NIS_RS07460,23998,5779,16968,9315,6593,30668,16726
NIS_RS07465,20006,4424,13021,6472,5187,25497,14922
NIS_RS07470,1108,226,668,70,65,221,227
NIS_RS07475,3190,1245,3877,1650,1251,1040,710
NIS_RS10080,1850,613,1728,598,409,2250,900
NIS_RS07485,1190,242,535,91,54,881,515
NIS_RS07490,4306,894,2622,418,327,5208,2266
NIS_RS07495,5486,1531,5062,1372,1306,6309,2879
NIS_RS07500,5112,1773,4230,2117,1846,3441,2091
NIS_RS07505,2008,574,932,217,189,661,355
NIS_RS07510,3041,692,1678,290,248,3137,1161
NIS_RS07515,6165,1841,6363,2956,2361,9033,4139
NIS_RS07520,856,354,962,407,344,292,171
NIS_RS07525,671,240,446,132,132,108,106
NIS_RS07530,1748,814,1377,715,669,1099,695
NIS_RS07535,5641,1988,3601,1324,1063,10696,6476
NIS_RS07540,6558,1746,2974,600,460,8084,3298
NIS_RS07545,14213,4972,14242,3263,2268,28454,18388
NIS_RS07550,1616,843,1773,871,640,1860,762
NIS_RS07555,858,235,471,224,169,1650,954
NIS_RS07560,1371,356,1151,402,289,1292,690
NIS_RS07565,2531,980,2353,846,637,1649,655
NIS_RS07570,1209,359,1118,740,582,693,341
NIS_RS07575,1324,253,970,408,340,646,327
NIS_RS07580,3335,918,2883,991,827,3926,2546
NIS_RS07585,322,88,182,38,32,187,71
NIS_RS07590,1286,207,417,294,276,448,185
NIS_RS07595,2087,850,2429,1021,832,2063,1364
NIS_RS07600,1099,509,1082,508,388,1070,526
NIS_RS07605,817,261,814,91,92,505,208
NIS_RS07610,558,184,301,159,137,398,176
NIS_RS07615,870,262,495,212,196,518,219
NIS_RS07620,1501,440,1059,414,394,856,454
NIS_RS07625,1574,459,831,287,225,857,259
NIS_RS07630,1984,849,1103,283,236,2296,1019
NIS_RS07635,4001,1978,2561,674,555,5210,3470
NIS_RS07640,4983,2631,4168,1047,821,9493,4109
NIS_RS07645,3584,2340,3992,1712,1223,6779,3907
NIS_RS07650,1354,831,2043,920,734,1380,816
NIS_RS07655,1878,665,1767,509,428,859,656
NIS_RS07660,368,68,232,43,26,115,69
NIS_RS07665,265,107,227,70,60,491,150
NIS_RS07670,298,89,277,31,52,80,30
NIS_RS07675,357,149,189,73,44,255,215
NIS_RS07680,207,60,104,30,51,151,80
NIS_RS07685,449,187,362,434,306,75,46
NIS_RS07690,524,188,314,131,95,67,90
NIS_RS07695,582,247,395,139,113,300,124
NIS_RS07700,716,255,620,270,171,313,152
NIS_RS07705,1315,447,902,227,222,854,333
NIS_RS07710,624,169,606,209,160,526,244
NIS_RS07715,417,190,261,77,84,413,153
NIS_RS07720,857,308,398,183,192,809,227
NIS_RS07725,587,266,409,164,124,744,242
NIS_RS07730,1279,489,856,287,294,2216,670
NIS_RS07735,1116,411,638,287,305,1388,570
NIS_RS07740,2064,676,1425,626,553,3528,1179
NIS_RS07745,2872,1322,2997,1748,1368,3319,1548
NIS_RS07750,718,95,407,147,126,831,331
NIS_RS07755,392,118,321,150,123,369,135
NIS_RS07760,1717,362,861,380,288,2160,661
NIS_RS07765,429,119,328,295,248,504,238
NIS_RS07770,469,165,330,137,125,151,67
NIS_RS07775,9701,2546,8059,3665,2934,11755,6405
NIS_RS07780,1557,213,1188,208,144,3756,1101
NIS_RS07785,2605,1072,2244,564,451,1822,805
NIS_RS07790,605,200,296,153,87,586,220
NIS_RS07795,534,143,387,176,118,853,385
NIS_RS07800,384,158,401,198,106,416,124
NIS_RS07805,2049,665,1598,470,413,2285,1235
NIS_RS07810,1048,217,408,171,172,869,304
NIS_RS07815,1210,126,206,93,81,1226,418
NIS_RS07820,6487,1017,1659,736,519,7755,3541
NIS_RS07825,4471,856,1933,1340,1068,6332,3003
NIS_RS07830,8489,1929,6136,3690,2757,11701,4592
NIS_RS07835,3534,1336,3567,2589,2061,2050,1055
NIS_RS07840,452,122,324,191,167,88,98
NIS_RS07845,3866,1089,3500,1847,1559,3058,1802
NIS_RS07850,985,159,653,151,138,518,211
NIS_RS07855,1609,289,1051,303,305,940,666
NIS_RS07860,5966,2138,5946,4386,3684,8108,3976
NIS_RS07865,3467,1626,3918,1396,1190,1613,1036
NIS_RS07870,783,270,406,51,70,290,254
NIS_RS07875,895,252,500,243,208,740,283
NIS_RS07880,659,166,447,111,115,290,188
NIS_RS07885,2403,764,2183,475,398,1712,792
NIS_RS07890,3412,756,1556,236,227,2027,909
NIS_RS07895,1078,217,426,71,51,636,262
NIS_RS07900,573,273,463,154,125,600,186
NIS_RS07905,4089,1280,2795,1143,1094,3992,1198
NIS_RS07910,517,177,507,200,119,997,543
NIS_RS07915,3520,1363,4434,2656,2156,3897,1839
NIS_RS07920,1271,567,1605,1194,990,590,320
NIS_RS07925,7781,1925,5936,5580,4162,8958,5771
NIS_RS07930,2018,456,1179,1117,780,2211,727
NIS_RS07935,5090,1296,3235,3571,3328,4132,1463
NIS_RS07940,84114,24540,55090,54158,44794,67889,34045
NIS_RS07945,32210,11576,29245,24516,19554,35746,25367
NIS_RS07950,2087,697,859,378,324,4629,5086
NIS_RS07955,1440,429,649,347,226,2559,1433
NIS_RS07960,3478,1294,2964,963,754,6449,5469
NIS_RS07965,5776,2301,6547,3200,2462,4637,2271
NIS_RS07970,654,244,493,265,226,639,196
NIS_RS07975,1725,371,636,481,366,2865,1056
NIS_RS07980,10653,2692,8260,2745,2145,18504,7724
NIS_RS07985,2966,952,2790,1202,1355,3020,1204
NIS_RS07990,2248,775,1680,891,734,4154,1230
NIS_RS07995,3566,1178,2949,2052,1650,6105,2028
NIS_RS08000,1707,574,1487,974,942,2260,708
NIS_RS08005,18215,4182,12479,8436,8015,7001,5103
NIS_RS08010,1756,545,1235,676,626,3146,1278
NIS_RS08015,5111,1385,3862,1167,948,5441,1978
NIS_RS08020,6901,1964,5702,2119,1904,6538,5699
NIS_RS08025,10304,3013,7876,3159,2629,5313,4324
NIS_RS08030,13386,4776,12239,11169,9411,10020,6261
NIS_RS08035,1980,764,1876,548,577,2506,1172
NIS_RS08040,358,93,229,101,92,355,123
NIS_RS08045,1926,460,1390,369,355,2420,872
NIS_RS08050,10626,3958,12917,4955,4099,9090,4279
NIS_RS08055,1861,470,835,332,257,4331,1418
NIS_RS08060,2570,817,1900,868,560,5743,3659
NIS_RS08065,685,257,613,255,171,617,340
NIS_RS08070,2841,677,1459,754,578,2575,1097
NIS_RS08075,2628,970,1561,695,565,2439,1434
NIS_RS08080,565,208,434,101,126,355,99
NIS_RS08085,3599,1207,3479,1339,1039,3408,1603
NIS_RS10085,696,400,1078,689,487,1209,516
NIS_RS08095,3059,1053,3149,1052,1026,2176,928
NIS_RS08100,54322,16066,40512,9895,8058,39136,18752
NIS_RS08105,1834,739,1744,579,547,790,380
NIS_RS08110,2747,726,1627,687,557,2584,1226
NIS_RS08115,580,129,171,88,52,733,389
NIS_RS08120,1154,289,353,168,115,1813,612
NIS_RS08125,823,162,271,96,108,1666,551
NIS_RS08130,1144,204,296,205,170,2283,1117
NIS_RS08135,1732,300,491,334,256,2339,825
NIS_RS08140,1066,184,311,304,167,2168,974
NIS_RS08145,7138,1668,5453,2418,2162,12917,5885
NIS_RS08150,2003,489,1202,1199,1145,2002,706
NIS_RS08155,1387,445,1045,684,640,469,160
NIS_RS08160,1234,375,878,239,205,570,288
NIS_RS08165,5067,1903,4655,1673,1225,1468,546
NIS_RS08170,2818,1526,3530,1111,1054,1600,900
NIS_RS08175,2588,1165,3609,1376,1133,3069,1841
NIS_RS08180,2466,941,2334,929,645,7863,2983
NIS_RS08185,16305,4923,12851,4266,3608,21405,13197
NIS_RS08190,15011,5643,18796,8436,7053,28317,23504
NIS_RS08195,3002,650,1138,497,308,2903,2091
NIS_RS08200,1121,295,692,263,217,1500,384
NIS_RS08205,2982,812,1705,576,516,2731,944
NIS_RS08210,4340,2070,4230,1718,1330,3986,2286
NIS_RS08215,11451,2941,11650,3937,3026,9661,4657
NIS_RS08220,9295,2214,6225,1827,1499,14708,9251
NIS_RS08225,2707,666,1519,456,389,4587,2701
NIS_RS08230,1632,502,805,231,188,693,369
NIS_RS08235,11351,3742,12934,3655,3029,13599,4747
NIS_RS08240,10241,2962,4234,1869,1392,17895,6734
NIS_RS08245,3478,986,1731,705,497,8533,3987
NIS_RS08250,5924,1518,3828,1923,1368,7660,3069
NIS_RS08255,42332,12409,26035,21113,19397,22659,19836
NIS_RS08260,1018,256,359,58,29,495,150
NIS_RS08265,8286,2670,6249,842,773,6072,2757
NIS_RS08270,3691,1403,1896,633,594,6983,3379
NIS_RS08275,5043,1530,3068,1269,1139,4816,2432
NIS_RS08280,1708,757,1333,449,349,880,301
NIS_RS08285,2782,1279,2488,693,624,2328,842
NIS_RS08290,2407,964,2063,845,730,1280,452
NIS_RS08295,2401,1135,3589,1660,1487,2396,1138
NIS_RS08300,7903,3597,10209,5337,4516,5994,3837
NIS_RS10245,1418,363,1029,831,772,377,183
NIS_RS08310,3080,642,2244,1420,1280,1638,521
NIS_RS08315,207,92,183,77,86,183,89
NIS_RS08320,396,185,345,107,102,354,157
NIS_RS08325,280,137,372,115,144,272,208
NIS_RS08330,133,62,68,35,52,137,72
NIS_RS08335,205,149,177,139,103,254,173
NIS_RS08340,27,19,45,19,23,38,18
NIS_RS08345,83,58,95,59,43,99,34
NIS_RS08350,708,349,720,523,469,431,194
NIS_RS08355,317,119,163,70,44,93,60
NIS_RS08360,394,69,82,56,54,148,108
NIS_RS08365,828,181,172,37,37,158,82
NIS_RS08370,621,124,162,19,38,207,68
NIS_RS08375,6392,1724,3167,1635,1330,3008,1277
NIS_RS08380,1084,250,737,240,263,907,232
NIS_RS08385,673,195,450,122,116,427,106
NIS_RS08390,1528,338,1014,492,369,281,167
NIS_RS08395,3956,1188,2951,1522,1548,1561,840
NIS_RS08400,4071,1151,3217,1285,883,3281,1744
NIS_RS08405,5031,1444,2098,649,459,5175,3030
NIS_RS08410,2395,768,1284,318,285,3141,1052
NIS_RS08415,2548,668,1797,356,316,3654,949
NIS_RS08420,7378,1970,7770,2538,1794,7221,2679
NIS_RS08425,15527,5275,6761,1722,1470,25585,18103
NIS_RS08430,14553,7728,10601,5831,4515,31444,20374
NIS_RS08435,14852,9240,13019,22329,17600,23905,31721
NIS_RS08440,3493,953,2295,529,465,3906,1253
NIS_RS08445,6071,2936,7515,1828,1542,8828,3972
NIS_RS08450,2096,969,2856,1220,1025,896,641
NIS_RS08455,1709,33,40,123,45,462,255
NIS_RS08460,5013,34,31,165,111,1328,738
NIS_RS08465,10638,124,282,348,377,8881,2340
NIS_RS08470,9787,474,1423,844,724,10031,3403
NIS_RS08475,4223,181,506,290,188,3810,807
NIS_RS08480,2861,109,247,123,116,3382,783
NIS_RS08485,4124,238,283,116,171,1218,670
NIS_RS08490,1041,175,219,118,127,225,66
NIS_RS08495,834,464,566,89,120,843,290
NIS_RS08500,2270,1222,1896,450,439,2213,1294
NIS_RS08505,1937,742,1157,143,168,1139,347
NIS_RS08510,1596,625,937,110,80,2732,709
NIS_RS10250,1879,844,1228,210,186,3211,1195
NIS_RS08520,3334,1518,2229,350,229,8237,3580
NIS_RS08525,4376,1740,2586,477,346,8514,2897
NIS_RS08530,29324,12898,16526,5744,4575,50471,26499
NIS_RS08535,24240,10414,17324,5338,4065,60901,38171
NIS_RS08540,9928,4378,8729,3055,2403,13948,6340
NIS_RS08545,15715,7213,16552,6105,5046,13185,6574
NIS_RS08550,466,59,127,32,27,204,136
NIS_RS08555,2702,457,1571,430,356,2974,850
NIS_RS08560,3032,666,2634,1050,773,2793,1169
NIS_RS08565,15078,2791,11019,6269,4809,13437,6743
NIS_RS08570,13444,3238,10610,5756,4545,9079,5211
NIS_RS08575,3103,1294,4221,901,759,982,332
NIS_RS08580,117,101,89,28,28,477,124
NIS_RS08585,1797,1081,1607,779,552,7485,6371
NIS_RS08590,506,326,415,271,258,1345,589
NIS_RS08595,1304,633,822,323,308,3067,1321
NIS_RS08600,407,126,167,40,61,640,162
NIS_RS08605,2214,559,1003,246,214,2554,878
NIS_RS08610,13282,1859,6568,2796,2505,10059,4296
NIS_RS08615,1423,331,694,497,345,1292,671
NIS_RS08620,3288,556,1294,696,578,2786,1409
NIS_RS08625,28800,2385,4246,2519,1978,8698,7456
NIS_RS08630,1354,571,512,195,150,815,390
NIS_RS08635,3009,1150,1325,779,705,5272,2484
NIS_RS08640,1545,515,722,436,338,3786,2055
NIS_RS08645,4428,1525,2524,1315,1057,8695,4594
NIS_RS08650,3092,1335,2658,1149,856,7034,2696
NIS_RS08655,9992,5442,11076,7782,6447,21282,10266
NIS_RS08660,41204,49896,54135,174492,168111,29136,61331
NIS_RS08665,2522,488,1558,592,520,3532,1823
NIS_RS08670,1091,325,1148,365,332,973,549
NIS_RS08675,6834,3755,9006,1491,1291,7969,3764
NIS_RS08680,6761,1814,3824,1615,1165,6116,3936
NIS_RS08685,7754,2494,6851,2968,2121,8306,5413
NIS_RS08690,5107,1263,3405,1129,1108,3260,1561
NIS_RS08695,6250,1998,5635,1665,1327,1853,1184
NIS_RS08700,2111,1234,2775,744,664,725,519
NIS_RS08705,2198,664,2563,846,614,1675,818
NIS_RS08710,3550,675,1687,593,573,999,467
NIS_RS10095,2052,409,754,626,545,505,281
NIS_RS08720,2680,837,1406,1138,930,5288,2602
NIS_RS08725,3548,1461,3451,2128,1708,6214,2983
NIS_RS08730,6437,2860,7281,2833,2190,4553,2662
NIS_RS08735,13791,4602,10825,3321,2539,15201,12471
NIS_RS08740,7929,3006,5471,3998,3163,15370,8066
NIS_RS08745,4904,1779,4317,2290,1813,4857,2811
NIS_RS08750,6682,2994,7032,4410,3486,2370,1280
NIS_RS08755,2502,694,1314,1274,1144,434,268
NIS_RS08760,873,195,359,74,69,595,200
NIS_RS08765,353,108,206,35,34,205,43
NIS_RS08770,1118,319,813,284,203,1062,335
NIS_RS08775,2112,985,2149,1043,804,1496,626
NIS_RS08780,5773,1590,4677,1552,1431,6544,2213
NIS_RS08785,1008,169,332,55,30,763,255
NIS_RS08790,970,137,277,56,33,720,463
NIS_RS08795,745,101,156,70,33,303,213
NIS_RS08800,503,163,243,123,93,1493,494
NIS_RS08805,652,256,340,332,277,2401,1577
NIS_RS08810,4079,1939,2881,3801,2851,18673,17274
NIS_RS08815,4595,2649,4884,4336,3355,8465,8080
NIS_RS08820,657,291,790,287,250,680,437
NIS_RS10100,722,176,389,114,72,157,72
NIS_RS08830,1065,454,1632,482,454,559,189
NIS_RS08835,64324,64788,148753,42960,36994,33738,30979
NIS_RS08840,1074,281,270,125,106,759,377
NIS_RS08845,850,243,303,99,71,1067,409
NIS_RS08850,718,252,283,78,72,587,172
NIS_RS08855,1631,437,831,279,298,1811,655
NIS_RS08860,2442,1139,2084,1292,1142,1167,607
NIS_RS08865,1799,500,1418,574,506,1276,560
NIS_RS08870,6005,2232,6352,2039,1523,9093,5833
NIS_RS08875,931,181,643,141,166,2974,1393
NIS_RS08880,2842,1249,2752,1548,1337,2533,1315
NIS_RS08885,485,170,373,96,58,231,100
NIS_RS08890,341,146,236,41,34,143,91
NIS_RS08895,238,114,185,33,60,84,90
NIS_RS08900,54,30,31,45,28,15,14
NIS_RS08905,1291,370,525,1072,606,206,201
NIS_RS10300,114,21,41,62,19,8,8
NIS_RS08910,1961,525,1024,1090,960,456,324
NIS_RS08915,616,152,248,339,205,98,52
NIS_RS08920,4145,796,1633,1673,1029,553,381
NIS_RS08925,1083,377,486,408,378,102,125
NIS_RS08930,3489,1421,3161,2340,752,469,233
NIS_RS08935,3756,2853,8335,4890,3529,1544,921
NIS_RS08940,240,164,238,296,11,1,9
NIS_RS08945,349,116,203,115,109,106,70
NIS_RS08950,456,146,487,202,111,103,86
NIS_RS08955,487,193,386,208,183,124,80
NIS_RS08965,156,97,181,52,84,204,143
NIS_RS08970,290,198,308,168,99,193,206
NIS_RS08975,55,45,38,89,56,26,35
NIS_RS08980,45,38,36,48,39,12,20
NIS_RS08985,1906,841,2518,1551,1511,621,360
NIS_RS08990,738,161,575,381,318,315,120
NIS_RS08995,2292,819,2106,1198,1037,747,359
NIS_RS09000,572,406,613,489,482,217,98
NIS_RS09005,4435,1192,3041,2275,2030,3965,1112
NIS_RS09010,984,260,729,326,342,915,375
NIS_RS09015,1330,365,667,307,194,1560,1361
NIS_RS09020,2697,895,1668,561,505,3376,1940
NIS_RS09025,1926,592,859,228,231,1234,589
NIS_RS09030,356,113,108,53,50,88,48
NIS_RS09035,79,20,37,48,61,19,12
NIS_RS09040,642,203,425,352,313,201,66
NIS_RS09045,594,205,573,331,228,206,199
NIS_RS09050,1440,461,1091,775,546,755,243
NIS_RS09055,3188,3825,5436,4088,3454,5314,1540
NIS_RS09060,1602,3163,3533,5113,4629,3407,1410
NIS_RS09065,2512,696,1496,773,642,1552,866
NIS_RS09070,534,158,397,398,307,270,219
NIS_RS10330,82,27,58,43,20,37,18
NIS_RS09080,480,181,258,217,174,348,221
NIS_RS09085,359,133,218,128,104,391,262
NIS_RS09090,397,123,191,153,164,731,381
NIS_RS09095,241,75,135,124,135,206,118
NIS_RS09100,11581,1472,4173,3860,3514,45263,17344
NIS_RS09105,1761,737,2093,686,510,2004,812
NIS_RS09110,448,178,436,70,44,321,110
NIS_RS09115,492,180,393,154,118,506,189
NIS_RS09120,2733,2823,5212,14464,12422,41678,13973
NIS_RS09125,1172,693,1296,1067,866,5053,882
NIS_RS09130,437,194,410,128,106,1125,195
NIS_RS09135,127,28,93,37,27,117,58
NIS_RS09140,4373,1365,3119,1097,967,1728,714
NIS_RS09145,3297,751,2024,432,455,1751,537
NIS_RS09150,2855,459,702,179,143,1672,1032
NIS_RS09155,4763,842,1152,450,383,2918,1527
NIS_RS09160,9007,1866,3599,1737,1205,10553,3442
NIS_RS09165,10143,2730,7413,3714,3039,9714,4013
NIS_RS09170,7697,867,3228,2009,1482,5632,2308
NIS_RS09175,5078,774,1795,1066,969,3706,2424
NIS_RS09180,909,93,209,69,65,495,128
NIS_RS09185,502,104,135,39,85,286,227
NIS_RS09190,183,34,24,16,18,85,51
NIS_RS09195,117,34,38,31,12,34,37
NIS_RS09200,1026,329,973,326,200,380,184
NIS_RS09205,1225,389,728,157,124,557,302
NIS_RS09210,532,117,249,53,43,343,147
NIS_RS09215,34,10,14,2,3,1,3
NIS_RS10225,240,99,156,47,85,88,106
NIS_RS09225,1921,567,1075,584,460,393,196
NIS_RS09230,3806,1779,2951,3249,3071,1032,384
NIS_RS09235,2715,1008,1986,610,636,2584,1163
NIS_RS09240,6333,4646,6278,4374,3381,14623,6055
NIS_RS09245,4043,3021,4430,2912,2276,6607,3731
NIS_RS09250,5327,3433,6644,3417,3071,12030,7735
NIS_RS09255,6028,3655,8423,6136,5171,6898,2298
NIS_RS09260,265,144,182,159,112,442,104
NIS_RS10110,2186,959,1854,1203,1010,1616,584
NIS_RS09265,1749,782,1745,756,570,1239,403
NIS_RS09270,799,350,490,93,78,222,122
NIS_RS09275,426,161,347,120,66,160,125
NIS_RS09280,3302,1584,2686,1609,1516,997,774
NIS_RS09285,2886,1110,2284,680,489,1344,508
NIS_RS09290,1898,708,1520,677,511,549,258
NIS_RS09295,1964,792,1950,938,765,2033,1056
NIS_RS09300,1017,519,976,353,328,1013,444
NIS_RS09305,1047,448,697,167,169,866,312
NIS_RS09310,6234,3901,7731,3543,2991,6799,3913
NIS_RS09315,1770,1066,1615,559,360,2600,986
NIS_RS09320,900,470,758,192,192,1033,359
NIS_RS09325,1075,362,509,152,143,1218,748
NIS_RS09330,1554,464,836,248,195,2872,722
NIS_RS09335,1606,606,1031,388,322,2952,913
NIS_RS09340,606,232,580,213,173,1600,810
NIS_RS09345,1503,676,1603,822,672,1431,733
NIS_RS09350,7499,4028,9951,2884,2494,2704,1029
NIS_RS09355,2723,1345,2620,334,292,1036,584
NIS_RS09360,2662,970,1759,605,535,2623,732
NIS_RS09365,2847,2136,2986,2105,1505,5192,3063
NIS_RS09370,1773,1951,3077,2665,2634,2888,1410
NIS_RS09375,4395,1847,3747,2477,2563,1732,1237
NIS_RS09380,3119,933,2493,1513,1396,2147,1025
NIS_RS09385,1854,505,1322,485,446,1344,535
NIS_RS09390,650,234,528,123,91,561,244
NIS_RS09395,599,378,454,175,157,595,207
NIS_RS09400,1103,684,906,361,290,2061,689
NIS_RS09405,2032,1084,1417,818,685,3968,2186
NIS_RS09410,612836,260080,291269,98310,81213,75453,38382
NIS_RS10255,3860,3902,3147,1322,1091,7665,4587
NIS_RS09420,26565,36684,31405,18392,14973,71849,48320
NIS_RS09425,1214,376,869,497,300,2401,1056
NIS_RS09430,2701,980,2467,851,733,3570,2433
NIS_RS09440,1346,142,245,142,151,1009,795
NIS_RS09445,6121,501,704,921,745,4502,3394
NIS_RS09450,11155,917,1574,1096,890,4793,2808
NIS_RS09455,2585,282,581,218,140,1187,1258
NIS_RS09460,2812,845,1182,420,370,2427,1270
NIS_RS09465,3772,1095,1588,788,661,3401,1187
NIS_RS09470,2900,1142,1806,913,649,3576,2132
NIS_RS09475,3025,961,1711,1099,854,4747,2692
NIS_RS09480,3074,741,1102,615,508,5927,3708
NIS_RS09485,2139,527,762,710,505,5496,6214
NIS_RS09490,1399,326,485,415,251,2552,2152
NIS_RS09495,3974,754,1020,632,561,5337,4670
NIS_RS09500,6072,1335,1891,1905,1410,12872,14006
NIS_RS09505,9716,2114,2895,3748,3341,13331,26578
NIS_RS09510,33315,24956,32750,36268,27335,106053,63329
NIS_RS09515,2740,325,337,473,382,2509,1708
NIS_RS09520,1705,573,849,264,254,1563,1180
NIS_RS09525,504,163,164,122,70,124,64
NIS_RS09530,2373,724,901,389,343,2534,745
NIS_RS09535,4132,1279,2320,1722,1215,5011,1904
NIS_RS09540,41485,28915,35877,34037,27129,104061,92610
NIS_RS10305,3327,2458,2986,4172,3050,5862,5570
NIS_RS09545,9107,980,1266,2485,2002,25557,24885
NIS_RS09550,7524,906,857,1597,1201,16378,12252
NIS_RS09555,2960,261,204,591,507,2128,3120
NIS_RS09560,4193,1181,4874,2385,2228,851,424
NIS_RS09565,5037,589,2594,520,567,1391,953
NIS_RS10115,20986,4846,6351,5860,4253,31581,44058
NIS_RS09575,3220,316,452,301,237,2559,2302
NIS_RS09580,2079,218,296,167,154,972,964
NIS_RS09585,2308,250,390,335,190,1395,1339
NIS_RS09590,1083,111,127,145,118,439,303
NIS_RS09595,9412,1071,1356,1292,954,12061,14227
NIS_RS09600,6416,833,901,950,708,11690,15914
NIS_RS09605,6127,773,835,1135,891,12886,20186
NIS_RS09610,48867,5691,6439,8307,6782,57305,107335
NIS_RS09615,8040,333,426,751,663,6491,11054
NIS_RS09620,2871,197,353,118,140,1580,1781
NIS_RS09625,1150,52,130,31,25,199,119
NIS_RS09630,2719,207,391,122,111,1013,823
NIS_RS09635,9688,557,914,366,245,7456,3902
NIS_RS09640,5224,345,573,375,227,3152,1321
NIS_RS09645,9687,2992,9342,960,969,4353,1219
NIS_RS09650,7552,2945,8483,2106,1967,1813,695
NIS_RS09655,3681,1188,1718,601,425,2534,1334
NIS_RS09660,6164,2084,2906,721,443,6594,3611
NIS_RS09665,3691,1415,1791,527,475,5356,2750
NIS_RS10335,3902,1143,1586,375,337,5459,1889
NIS_RS09670,12080,2482,4304,1365,1031,14220,7378
NIS_RS09675,12564,3074,5671,2936,2224,8772,6618
NIS_RS09680,3223,1154,3708,1193,1013,3637,1250
NIS_RS09685,1395,444,1377,385,375,1776,527
NIS_RS09690,4652,1722,3159,1262,1085,6810,2659
NIS_RS09695,852,299,441,248,215,712,311
NIS_RS09700,267,85,107,64,46,97,60
NIS_RS09705,513,204,296,102,102,468,231
NIS_RS09710,1519,512,571,304,310,2679,1799
NIS_RS09715,1040,397,543,289,247,2258,1325
NIS_RS09720,803,238,399,200,134,1450,1258
NIS_RS09725,535,123,237,141,85,498,564
NIS_RS09730,556,135,317,118,104,450,324
NIS_RS09735,897,229,464,234,159,547,419
NIS_RS09740,1162,233,498,491,472,289,134
NIS_RS09745,1315,399,627,828,749,379,264
NIS_RS09750,1720,574,817,1703,1519,451,293
NIS_RS09755,30494,7718,15502,15754,13292,18560,9917
NIS_RS09760,80,23,120,73,65,69,27
NIS_RS09765,1238,2701,3289,6001,4494,1995,3697
NIS_RS09770,466,81,244,393,233,5,13
NIS_RS09775,762,105,349,611,368,5,21
NIS_RS09780,246,484,674,1072,1028,572,748
NIS_RS09785,7417,1470,4822,1407,1075,3049,1997
NIS_RS09790,1451,261,725,245,225,757,263
NIS_RS09795,3209,949,1936,1485,1256,1914,517
NIS_RS09800,1945,739,1403,939,849,1395,409
NIS_RS09805,6266,2434,6046,4074,2840,1580,996
NIS_RS09810,2077,630,1779,875,751,793,270
NIS_RS09815,4767,2374,5394,1910,1587,4240,2102
NIS_RS09820,3839,1159,2568,1152,955,4237,1998
NIS_RS09825,1984,442,1279,545,455,2546,1270
NIS_RS09830,845,178,316,145,132,338,100
NIS_RS09835,3108,789,1510,1107,850,1540,782
NIS_RS09840,1357,792,950,463,367,2198,930
NIS_RS09845,4222,2527,3506,1173,940,7663,2779
NIS_RS09850,5622,3139,5080,1599,1390,10959,4545
NIS_RS09855,10139,5347,10654,4332,3612,20746,12415
NIS_RS09860,732,297,757,262,172,602,328
NIS_RS09865,5931,2358,4962,1584,1297,4695,1635
NIS_RS09870,4500,2285,4511,2071,1600,1736,706
NIS_RS09875,7190,2358,7848,1602,1335,4125,2571
NIS_RS09880,1885,475,1717,224,239,459,157
NIS_RS09885,983,289,792,341,345,316,140